{
    "id": 2025,
    "question": "How many of the figures shown can be drawn with one continuous line without drawing a segment twice?\n<image1>",
    "options": "[]",
    "image": "images/2025.jpg",
    "answer": "3",
    "solution": "All are possible except for the second figure. Each of the small lines must either start or end the continuous line. But then only one of the semicircles in the second figure can be included.",
    "level": 5,
    "subject": "graph theory",
    "folder_id": "236",
    "image_path": [
        "/236/2025_rotate_90.jpg",
        "/236/2025.jpg"
    ]
}