{
    "id": 1204,
    "question": "Zilda took a square sheet of paper of side 1 and made two folds taking two consecutive sides of the sheet to a diagonal of it, as shown in the picture, obtaining a quadrilateral (highlighted outline). What is the area of this quadrilateral?\n<image1>",
    "options": "['$\\\\frac{7}{10}$' '$2-\\\\sqrt{2}$' '$\\\\frac{3}{5}$' '$\\\\sqrt{2}-1$'\n '$\\\\frac{\\\\sqrt{2}}{2}$']",
    "image": "images/1204.jpg",
    "answer": "B",
    "solution": NaN,
    "level": 3,
    "subject": "transformation geometry",
    "folder_id": "121",
    "image_path": [
        "/121/1204_rotate_90.jpg",
        "/121/1204.jpg"
    ]
}