{
    "id": 1833,
    "question": "The diagram shows two ordinary dice. What is the total number of spots on all the faces that cannot be seen in the diagram? <image1>",
    "options": "[]",
    "image": "images/1833.jpg",
    "answer": "27",
    "solution": "The total number of dots on two dice is $2 \\times(1+2+3+4+5+6)=42$ and subtracting the visible dots $1+2+2+4+6(=15)$ leaves 27 .",
    "level": 2,
    "subject": "solid geometry",
    "folder_id": "203",
    "image_path": [
        "/203/1833_rotate_90.jpg",
        "/203/1833.jpg"
    ]
}