{
    "id": 2061,
    "question": "The diagram shows a rectangle that has been dissected into nine non-overlapping squares. Given that the width and the height of the rectangle are relatively prime positive integers, find the perimeter of the rectangle.\n\n<image1>",
    "options": "[]",
    "image": "images/2061.jpg",
    "answer": "260",
    "solution": NaN,
    "level": 5,
    "subject": "metric geometry - length",
    "folder_id": "237",
    "image_path": [
        "/237/2061_rotate_90.jpg",
        "/237/2061.jpg"
    ]
}