{
    "id": 1271,
    "question": "Unit squares of a squared board $2 \\times 3$ are coloured black and white like a chessboard (see picture). Determine the minimum number of steps necessary to achieve the reverse of the left board, following the rule: in each step, we must repaint two unit squares that have a joint edge, but we must repaint a black square with green, a green square with white and a white square with black.\n<image1>",
    "options": "[]",
    "image": "images/1271.jpg",
    "answer": "6",
    "solution": NaN,
    "level": 3,
    "subject": "combinatorial geometry",
    "folder_id": "127",
    "image_path": [
        "/127/1271_rotate_90.jpg",
        "/127/1271.jpg"
    ]
}