{
    "id": 2681,
    "question": "A unit hexagon is composed of a regular haxagon of side length 1 and its equilateral triangular extensions, as shown in the diagram. What is the ratio of the area of the extensions to the area of the original hexagon?\n\n<image1>",
    "options": "['1:1' '6:5' '3:2' '2:1' '3:1']",
    "image": "images/2681.jpg",
    "answer": "A",
    "solution": NaN,
    "level": 3,
    "subject": "metric geometry - area",
    "folder_id": "278",
    "image_path": [
        "/278/2681_rotate_90.jpg",
        "/278/2681.jpg"
    ]
}