{
    "pid": 4558,
    "question": "Subtract all big matte objects. Subtract all purple rubber cubes. How many objects are left?",
    "image": "images/4558.jpg",
    "choices": NaN,
    "unit": NaN,
    "precision": NaN,
    "question_type": "free_form",
    "answer_type": "integer",
    "metadata": "{'category': 'math-targeted-vqa', 'context': 'synthetic scene', 'grade': 'elementary school', 'img_height': 240, 'img_width': 320, 'language': 'english', 'skills': array(['arithmetic reasoning'], dtype=object), 'source': 'CLEVR-Math', 'split': 'test', 'task': 'math word problem'}",
    "query": "Hint: Please answer the question requiring an integer answer and provide the final value, e.g., 1, 2, 3, at the end.\nQuestion: Subtract all big matte objects. Subtract all purple rubber cubes. How many objects are left?",
    "answer": "3",
    "folder_id": "335",
    "image_path": [
        "/335/4558_flip_vertically.jpg",
        "/335/4558.jpg"
    ]
}