{
    "id": 2252,
    "question": "A square of area $2$ is inscribed in a square of area $3$, creating four congruent triangles, as shown below. What is the ratio of the shorter leg to the longer leg in the shaded right triangle?\n<image1>",
    "options": "['$\\\\frac{1}{5}$' '$\\\\frac{1}{4}$' '$2-\\\\sqrt{3}$' '$\\\\sqrt{3}-\\\\sqrt{2}$'\n '$\\\\sqrt{2}-1$']",
    "image": "images/2252.jpg",
    "answer": "C",
    "solution": NaN,
    "level": 4,
    "subject": "metric geometry - length",
    "folder_id": "254",
    "image_path": [
        "/254/2252_rotate_90.jpg",
        "/254/2252.jpg"
    ]
}