{
    "id": 2562,
    "question": "Eight $1\\times 1$ square tiles are arranged as shown so their outside edges form a polygon with a perimeter of $14$ units.  Two additional tiles of the same size are added to the figure so that at least one side of each tile is shared with a side of one of the squares in the original figure.  Which of the following could be the perimeter of the new figure?\n\n<image1>",
    "options": "['15' '17' '18' '19' '20']",
    "image": "images/2562.jpg",
    "answer": "C",
    "solution": NaN,
    "level": 4,
    "subject": "combinatorial geometry",
    "folder_id": "266",
    "image_path": [
        "/266/2562_rotate_90.jpg",
        "/266/2562.jpg"
    ]
}