{
    "id": 2740,
    "question": "A semicircle is inscribed in an isosceles triangle with base $16$ and height $15$ so that the diameter of the semicircle is contained in the base of the triangle as shown. What is the radius of the semicircle?\n\n<image1>",
    "options": "['$4 \\\\sqrt{3}$' '$\\\\frac{120}{17}$' '$10$' '$\\\\frac{17\\\\sqrt{2}}{2}$'\n '$\\\\frac{17\\\\sqrt{3}}{2}$']",
    "image": "images/2740.jpg",
    "answer": "B",
    "solution": NaN,
    "level": 2,
    "subject": "metric geometry - length",
    "folder_id": "285",
    "image_path": [
        "/285/2740_rotate_90.jpg",
        "/285/2740.jpg"
    ]
}