{
    "id": 1817,
    "question": "In the grid on the right, there are eight kangaroos. A kangaroo may jump into any empty square. Find the least number of the kangaroos which have to jump into an empty square so that in each row and column there are exactly two kangaroos. <image1>",
    "options": "[]",
    "image": "images/1817.jpg",
    "answer": "1",
    "solution": "Once one kangaroo hops as shown, there are exactly 2 kangaroos in every row and column.  ![](https://cdn.mathpix.com/cropped/2023_12_27_0f4ed2787981bb911326g-044.jpg?height=291&width=300&top_left_y=668&top_left_x=1346)",
    "level": 5,
    "subject": "logic",
    "folder_id": "499",
    "image_path": [
        "/499/1817_flip_vertically.jpg",
        "/499/1817.jpg"
    ]
}