{
    "id": 875,
    "question": "Raphael has three squares. The first one has side length $2 \\mathrm{~cm}$, the second one has side length $4 \\mathrm{~cm}$ and one corner is the centre of the first square. The third square has side length $6 \\mathrm{~cm}$ and one corner is the centre of the second square. What is the total area of the figure shown?\n<image1>",
    "options": "['$51 \\\\mathrm{~cm}^{2}$' '$32 \\\\mathrm{~cm}^{2}$'\n '$27 \\\\mathrm{~cm}^{2}$' '$16 \\\\mathrm{~cm}^{2}$' '$6 \\\\mathrm{~cm}^{2}$']",
    "image": "images/875.jpg",
    "answer": "A",
    "solution": NaN,
    "level": 2,
    "subject": "metric geometry - area",
    "folder_id": "394",
    "image_path": [
        "/394/875_flip_vertically.jpg",
        "/394/875.jpg"
    ]
}