{
    "id": 1823,
    "question": "What is the sum of the 10 angles marked on the diagram on the right? <image1>",
    "options": "['$300^{\\\\circ}$' '$450^{\\\\circ}$' '$360^{\\\\circ}$' '$600^{\\\\circ}$'\n '$720^{\\\\circ}$']",
    "image": "images/1823.jpg",
    "answer": "E",
    "solution": "The sum of the fifteen angles in the five triangles is $5 \\times 180^{\\circ}=900^{\\circ}$. The sum of the unmarked central angles in the five triangles is $180^{\\circ}$, since each can be paired with the angle between the two triangles opposite. Thus the sum of the marked angles is $900^{\\circ}-180^{\\circ}=720^{\\circ}$.",
    "level": 2,
    "subject": "metric geometry - angle",
    "folder_id": "199",
    "image_path": [
        "/199/1823_rotate_90.jpg",
        "/199/1823.jpg"
    ]
}