{
    "id": 1593,
    "question": "Three small equilateral triangles of the same size are cut from the corners of a larger equilateral triangle with sides $6 \\mathrm{~cm}$ as shown. The sum of the perimeters of the three small triangles is equal to the perimeter of the remaining hexagon. What is the side-length of one of the small triangles? <image1>",
    "options": "['$1 \\\\mathrm{~cm}$' '$1.2 \\\\mathrm{~cm}$' '$1.25 \\\\mathrm{~cm}$'\n '$1.5 \\\\mathrm{~cm}$' '$2 \\\\mathrm{~cm}$']",
    "image": "images/1593.jpg",
    "answer": "D",
    "solution": "If we let the length of the side of one of the removed triangles be $x \\mathrm{~cm}$, the perimeter of the remaining hexagon will be $3 x+3(6-2 x) \\mathrm{cm}$. Hence we have $3(3 x)=3 x+3(6-2 x)$ which has solution $x=18 / 12=1.5$.",
    "level": 2,
    "subject": "metric geometry - length",
    "folder_id": "173",
    "image_path": [
        "/173/1593_rotate_90.jpg",
        "/173/1593.jpg"
    ]
}