{
    "pid": 2120,
    "question": "Is the number of circles even or odd?",
    "image": "images/2120.jpg",
    "choices": "['odd' 'even']",
    "unit": NaN,
    "precision": NaN,
    "question_type": "multi_choice",
    "answer_type": "text",
    "metadata": "{'category': 'math-targeted-vqa', 'context': 'abstract scene', 'grade': 'elementary school', 'img_height': 116, 'img_width': 266, 'language': 'english', 'skills': array(['arithmetic reasoning'], dtype=object), 'source': 'IconQA', 'split': 'test', 'task': 'math word problem'}",
    "query": "Hint: Please answer the question and provide the correct option letter, e.g., A, B, C, D, at the end.\nQuestion: Is the number of circles even or odd?\nChoices:\n(A) odd\n(B) even",
    "answer": "even",
    "folder_id": "42",
    "image_path": [
        "/42/2120_rotate_90.jpg",
        "/42/2120.jpg"
    ]
}