{
    "id": 2246,
    "question": "A bowl is formed by attaching four regular hexagons of side 1 to a square of side 1. The edges of adjacent hexagons coincide, as shown in the figure. What is the area of the octagon obtained by joining the top eight vertices of the four hexagons, situated on the rim of the bowl?\n\n<image1>",
    "options": "['$6$' '$7$' '$5+2\\\\sqrt{2}$' '$8$' '$9$']",
    "image": "images/2246.jpg",
    "answer": "B",
    "solution": NaN,
    "level": 2,
    "subject": "solid geometry",
    "folder_id": "547",
    "image_path": [
        "/547/2246_flip_vertically.jpg",
        "/547/2246.jpg"
    ]
}