{
    "id": 1327,
    "question": "The centres of the four illustrated circles are in the corners of the square. The two big circles touch each other and also the two little circles. With which factor do you have to multiply the radii of the little circles to obtain the radius of the big circles?\n<image1>",
    "options": "['$\\\\frac{2}{9}$' '$\\\\sqrt{5}$' '$0.8 \\\\cdot \\\\pi$' '2.5' '$1+\\\\sqrt{2}$']",
    "image": "images/1327.jpg",
    "answer": "E",
    "solution": NaN,
    "level": 4,
    "subject": "metric geometry - length",
    "folder_id": "445",
    "image_path": [
        "/445/1327_flip_vertically.jpg",
        "/445/1327.jpg"
    ]
}