{
    "id": 1366,
    "question": "Maria has six equally big square pieces of plain paper. On each piece of paper she draws one of the figures shown below. How many of these figures have the same perimeter as the plain piece of paper itself?\n<image1>",
    "options": "[]",
    "image": "images/1366.jpg",
    "answer": "4",
    "solution": NaN,
    "level": 4,
    "subject": "metric geometry - length",
    "folder_id": "142",
    "image_path": [
        "/142/1366_rotate_90.jpg",
        "/142/1366.jpg"
    ]
}