{
    "id": 1869,
    "question": "A bar code of the type shown is composed of alternate strips of black and white, always beginning and ending with a black strip. Each strip in the bar code has width either 1 or 2 , and the total width of the bar code is 12 . Two bar codes are different if they read differently from left to right. How many different bar codes of this type can be made? <image1>",
    "options": "[]",
    "image": "images/1869.jpg",
    "answer": "116",
    "solution": "The bar code consists of strips of length one and two, which we can call one-strips and two-strips respectively. Let $a$ be the number of two-strips and $b$ be the number of one-strips. The total length is 12 so $2 a+b=12$. Also, the first and last strips must be black so there is an odd number of alternating strips, meaning $a+b$ is odd.  We know that $a+b$ is odd and $2 a+b=12$ which is even. Therefore $a=(2 a+b)-(a+b)$ is odd. Also $a$ is less than 6 since $2 a+b=12$. This gives us three cases:  (i) If $a=5, b=12-10=2$.  There are 7 strips altogether. If the first one-strip is the first strip of the bar code then there are 6 options for the position of the second one-strip.  If the first one-strip is the second strip then there are 5 options for the position of the second one-strip, etc. This gives the number of options as $6+5+4+3+2+1=21$.  (ii) If $a=3, b=12-6=6$.  If the first two-strip is the first strip, then there are 8 places where the second twostrip can appear, which would leave 7, 6, 5, 4, 3, 2, 1 places for the third two-strip respectively, totalling 28 options.  If the first two-strip is the second strip, then there are 7 places for the second twostrip and 6,5,4,3,2, 1 places for the third two-strip. Continuing in this way, we see that the total number of options is $28+21+15+10+6+3+1=84$.  (iii) If $a=1$, then $b=12-2=10$.  There are 11 strips so the two-strip can appear in 11 places.  In total the number of options is $21+84+11=116$.  Alternatively: the number of ways of choosing the position of 5 two-strips out of 7 is ${ }^{7} C_{2}=21$ and the number of ways of choosing 3 two-strips out of 9 is ${ }^{9} C_{3}=84$.",
    "level": 4,
    "subject": "combinatorics",
    "folder_id": "515",
    "image_path": [
        "/515/1869_flip_vertically.jpg",
        "/515/1869.jpg"
    ]
}