{
    "id": 2088,
    "question": "A cylindrical barrel with radius $4$ feet and height $10$ feet is full of water. A solid cube with side length $8$ feet is set into the barrel so that the diagonal of the cube is vertical. The volume of water thus displaced is $v$ cubic feet. Find $v^2$.\n\n<image1>",
    "options": "[]",
    "image": "images/2088.jpg",
    "answer": "384",
    "solution": NaN,
    "level": 3,
    "subject": "solid geometry",
    "folder_id": "537",
    "image_path": [
        "/537/2088_flip_vertically.jpg",
        "/537/2088.jpg"
    ]
}