{
    "id": 1840,
    "question": "Two circles have their centres on the same diagonal of a square. They touch each other and the sides of the square as shown. The square has side length $1 \\mathrm{~cm}$. What is the sum of the radii of the circles in centimetres? <image1>",
    "options": "['$\\\\frac{1}{2}$' '$\\\\frac{1}{\\\\sqrt{2}}$' '$\\\\sqrt{2}-1$' '$2-\\\\sqrt{2}$'\n 'It depends on the relative sizes of the circles.']",
    "image": "images/1840.jpg",
    "answer": "D",
    "solution": "The three straight lines shown have lengths $R$, $R+r$ and $r$. Taking vertical components we have $R+(R+r) \\cos 45^{\\circ}+r=1$. That is $R+\\frac{1}{\\sqrt{2}}(R+r)+r=1$ or simply  $(R+r)(\\sqrt{ } 2+1)=\\sqrt{ } 2$, so $R+r=\\frac{\\sqrt{2}}{\\sqrt{2}+1}=2-\\sqrt{ } 2$.  ![](https://cdn.mathpix.com/cropped/2023_12_27_0f4ed2787981bb911326g-075.jpg?height=494&width=494&top_left_y=872&top_left_x=1341)",
    "level": 4,
    "subject": "metric geometry - length",
    "folder_id": "509",
    "image_path": [
        "/509/1840_flip_vertically.jpg",
        "/509/1840.jpg"
    ]
}