{
    "id": 1830,
    "question": "Two identical equilateral triangles overlap with their sides parallel, so that the overlapping region is the hexagon shown shaded in the diagram. The perimeter length of each triangle is 18 . What is the perimeter length of the shaded hexagon? <image1>",
    "options": "[]",
    "image": "images/1830.jpg",
    "answer": "12",
    "solution": NaN,
    "level": 4,
    "subject": "transformation geometry",
    "folder_id": "201",
    "image_path": [
        "/201/1830_rotate_90.jpg",
        "/201/1830.jpg"
    ]
}