{
    "id": 872,
    "question": "A rectangle is twice as long as wide. Which fraction of the rectangle is coloured in grey?\n<image1>",
    "options": "['$\\\\frac{1}{4}$' '$\\\\frac{3}{8}$' '$\\\\frac{3}{4}$' '$\\\\frac{1}{2}$'\n '$\\\\frac{3}{5}$']",
    "image": "images/872.jpg",
    "answer": "B",
    "solution": NaN,
    "level": 2,
    "subject": "combinatorial geometry",
    "folder_id": "393",
    "image_path": [
        "/393/872_flip_vertically.jpg",
        "/393/872.jpg"
    ]
}