{
    "id": 2084,
    "question": "A rectangle has sides of length $a$ and $36$. A hinge is installed at each vertex of the rectangle and at the midpoint of each side of length $36$. The sides of length $a$ can be pressed toward each other keeping those two sides parallel so the rectangle becomes a convex hexagon as shown. When the figure is a hexagon with the sides of length $a$ parallel and separated by a distance of $24,$ the hexagon has the same area as the original rectangle. Find $a^2$.\n\n\n<image1>",
    "options": "[]",
    "image": "images/2084.jpg",
    "answer": "720",
    "solution": NaN,
    "level": 5,
    "subject": "metric geometry - area",
    "folder_id": "238",
    "image_path": [
        "/238/2084_rotate_90.jpg",
        "/238/2084.jpg"
    ]
}