{
    "id": 1450,
    "question": "On the $8 \\times 8$ board beside, in how many ways can you place two chips, one green and one red, in different colored cells, so that the chips are not in the same row or in the same column of the board?\n<image1>",
    "options": "[]",
    "image": "images/1450.jpg",
    "answer": "1536",
    "solution": NaN,
    "level": 4,
    "subject": "combinatorics",
    "folder_id": "158",
    "image_path": [
        "/158/1450_rotate_90.jpg",
        "/158/1450.jpg"
    ]
}