{
    "id": 2111,
    "question": "There are $5$ yellow pegs, $4$ red pegs, $3$ green pegs, $2$ blue pegs, and $1$ orange peg on a triangular peg board. In how many ways can the pegs be placed so that no (horizontal) row or (vertical) column contains two pegs of the same color?\n\n<image1>",
    "options": "['$0$' '$1$' '$5!\\\\cdot4!\\\\cdot3!\\\\cdot2!\\\\cdot1!$'\n '$\\\\frac{15!}{5!\\\\cdot4!\\\\cdot3!\\\\cdot2!\\\\cdot1!}$' '$15!$']",
    "image": "images/2111.jpg",
    "answer": "B",
    "solution": NaN,
    "level": 4,
    "subject": "combinatorics",
    "folder_id": "540",
    "image_path": [
        "/540/2111_flip_vertically.jpg",
        "/540/2111.jpg"
    ]
}