{
    "id": 1442,
    "question": "Toninho wants to write strictly positive and consecutive whole numbers, in the nine places of the figure, so that the sum of the three numbers in each diameter is equal to 24. What is the largest possible sum for all the nine numbers?\n<image1>",
    "options": "[]",
    "image": "images/1442.jpg",
    "answer": "81",
    "solution": NaN,
    "level": 5,
    "subject": "logic",
    "folder_id": "157",
    "image_path": [
        "/157/1442_rotate_90.jpg",
        "/157/1442.jpg"
    ]
}