{
    "id": 1231,
    "question": "On an ordinary die the numbers on opposite sides always add up to 7. Four such dice are glued together as shown. All numbers that can still be seen on the outside of the solid are added together. What is the minimum of that total?\n<image1>",
    "options": "[]",
    "image": "images/1231.jpg",
    "answer": "58",
    "solution": NaN,
    "level": 4,
    "subject": "algebra",
    "folder_id": "122",
    "image_path": [
        "/122/1231_rotate_90.jpg",
        "/122/1231.jpg"
    ]
}