{
    "id": 1942,
    "question": "The diagram shows a shape made of arcs of three circles, each with radius $R$. The centres of the circles lie on the same straight line, and the middle circle passes through the centres of the other two circles. What is the perimeter of the shape? <image1>",
    "options": "['$\\\\frac{2 \\\\pi R \\\\sqrt{3}}{3}$' '$\\\\frac{5 \\\\pi R}{3}$'\n '$\\\\frac{10 \\\\pi R}{3}$' '$2 \\\\pi R \\\\sqrt{3}$' '$4 \\\\pi R$']",
    "image": "images/1942.jpg",
    "answer": "C",
    "solution": "By drawing radii and chords as shown, we can see that the triangles are equilateral and therefore each of the angles is $60^{\\circ}$. Hence the left and right circles have each lost $120^{\\circ}$ (one third) of their circumferences, and the central circle has one-third $\\left(\\frac{1}{6}+\\frac{1}{6}\\right)$ of its circumference remaining. Since $1-\\frac{1}{3}+1-\\frac{1}{3}+\\frac{1}{3}=\\frac{5}{3}$, the perimeter of the shape is  ![](https://cdn.mathpix.com/cropped/2023_12_27_0f4ed2787981bb911326g-267.jpg?height=223&width=417&top_left_y=1356&top_left_x=1553) $\\frac{5}{3} \\times 2 \\pi R=\\frac{10 \\pi R}{3}$.",
    "level": 4,
    "subject": "metric geometry - length",
    "folder_id": "220",
    "image_path": [
        "/220/1942_rotate_90.jpg",
        "/220/1942.jpg"
    ]
}