{
    "pid": 1488,
    "question": "Fill in the blank to describe the model. The model has 4 dots divided into 2 equal groups. There are (_) dots in each group.",
    "image": "images/1488.jpg",
    "choices": NaN,
    "unit": NaN,
    "precision": NaN,
    "question_type": "free_form",
    "answer_type": "integer",
    "metadata": "{'category': 'math-targeted-vqa', 'context': 'abstract scene', 'grade': 'elementary school', 'img_height': 204, 'img_width': 418, 'language': 'english', 'skills': array(['arithmetic reasoning'], dtype=object), 'source': 'IconQA', 'split': 'test', 'task': 'math word problem'}",
    "query": "Hint: Please answer the question requiring an integer answer and provide the final value, e.g., 1, 2, 3, at the end.\nQuestion: Fill in the blank to describe the model. The model has 4 dots divided into 2 equal groups. There are (_) dots in each group.",
    "answer": "2",
    "folder_id": "20",
    "image_path": [
        "/20/1488_rotate_90.jpg",
        "/20/1488.jpg"
    ]
}