{
    "pid": 4884,
    "question": "Is the number of diamonds even or odd?",
    "image": "images/4884.jpg",
    "choices": "['even' 'odd']",
    "unit": NaN,
    "precision": NaN,
    "question_type": "multi_choice",
    "answer_type": "text",
    "metadata": "{'category': 'math-targeted-vqa', 'context': 'abstract scene', 'grade': 'elementary school', 'img_height': 116, 'img_width': 334, 'language': 'english', 'skills': array(['arithmetic reasoning'], dtype=object), 'source': 'IconQA', 'split': 'test', 'task': 'math word problem'}",
    "query": "Hint: Please answer the question and provide the correct option letter, e.g., A, B, C, D, at the end.\nQuestion: Is the number of diamonds even or odd?\nChoices:\n(A) even\n(B) odd",
    "answer": "even",
    "folder_id": "159",
    "image_path": [
        "/159/4884_rotate_90.jpg",
        "/159/4884.jpg"
    ]
}