{
    "id": 1994,
    "question": "The diagram shows two circles and a square with sides of length $10 \\mathrm{~cm}$. One vertex of the square is at the centre of the large circle and two sides of the square are tangents to both circles. The small circle touches the large circle. The radius of the small circle is $(a-b \\sqrt{2}) \\mathrm{cm}$.\n<image1>\nWhat is the value of $a+b$ ?",
    "options": "[]",
    "image": "images/1994.jpg",
    "answer": "50",
    "solution": "Let $O$ and $P$ be the centres of the large and small circles respectively and label points $Q$ and $S$ as shown in the diagram. Let the radius of the small circle be $r \\mathrm{~cm}$. Draw line $P R$ so that $R$ is on $Q S$ and $P R$ is parallel to $O S$. Draw in line $O Q$. Since triangle $O Q S$ is right-angled and isosceles, $O Q^{2}=10^{2}+10^{2}$ by Pythagoras. Hence $O Q=10 \\sqrt{2} \\mathrm{~cm}$. Similarly, since triangle $P Q R$ is right- ![](https://cdn.mathpix.com/cropped/2023_12_27_d884587740e101721faeg-2.jpg?height=311&width=325&top_left_y=193&top_left_x=1525) angled and isosceles, $P Q=r \\sqrt{2} \\mathrm{~cm}$. Note that angle $O Q S=$ angle $P Q S=45^{\\circ}$ so $O P Q$ is a straight line. Therefore $10 \\sqrt{2}=10+r+r \\sqrt{2}$. This has solution $$ r=\\frac{10(\\sqrt{2}-1)}{\\sqrt{2}+1}=\\frac{10(\\sqrt{2}-1)(\\sqrt{2}-1)}{(\\sqrt{2}+1)(\\sqrt{2}-1)}=\\frac{10(2+1-2 \\sqrt{2})}{2-1}=30-20 \\sqrt{2} $$ Hence the radius of the small circle is $(30-20 \\sqrt{2}) \\mathrm{cm}$ and the value of $a+b$ is $30+20=50$.",
    "level": 5,
    "subject": "metric geometry - length",
    "folder_id": "229",
    "image_path": [
        "/229/1994_rotate_90.jpg",
        "/229/1994.jpg"
    ]
}