{
    "id": 1324,
    "question": "The area of the shown triangle equals $80 \\mathrm{~m}^{2}$. Each circle has a radius of $2 \\mathrm{~m}$ and it\u00f4s centre is in one of the vertices of the triangles. What is the area of the grey shaded region (in $\\mathrm{m}^{2}$)?\n<image1>",
    "options": "['76' '$80-2 \\\\pi$' '$40-4 \\\\pi$' '$80-\\\\pi$' '$78 \\\\pi$']",
    "image": "images/1324.jpg",
    "answer": "B",
    "solution": NaN,
    "level": 4,
    "subject": "metric geometry - area",
    "folder_id": "444",
    "image_path": [
        "/444/1324_flip_vertically.jpg",
        "/444/1324.jpg"
    ]
}