{
    "id": 1973,
    "question": "The centres of the seven circles shown all lie on the same line. The four smaller circles have radius $1 \\mathrm{~cm}$. The circles touch, as shown.\n<image1>\nWhat is the total area of the shaded regions?",
    "options": "['$\\\\pi \\\\mathrm{cm}^{2}$' '$2 \\\\pi \\\\mathrm{cm}^{2}$'\n '$3 \\\\pi \\\\mathrm{cm}^{2}$' '$4 \\\\pi \\\\mathrm{cm}^{2}$'\n '$5 \\\\pi \\\\mathrm{cm}^{2}$']",
    "image": "images/1973.jpg",
    "answer": "B",
    "solution": "If the shaded pieces on the right-hand side are reflected in a central vertical line, the total shaded area is then the area of one large circle minus the areas of two small circles. The radius of each large circle is $2 \\mathrm{~cm}$ so the shaded area, in $\\mathrm{cm}^{2}$, equals $\\pi \\times 2^{2}-2 \\times \\pi \\times 1^{2}=4 \\pi-2 \\pi=2 \\pi$. ![](https://cdn.mathpix.com/cropped/2023_12_27_0f4ed2787981bb911326g-359.jpg?height=286&width=680&top_left_y=751&top_left_x=1189)",
    "level": 4,
    "subject": "metric geometry - area",
    "folder_id": "226",
    "image_path": [
        "/226/1973_rotate_90.jpg",
        "/226/1973.jpg"
    ]
}