{
    "id": 454,
    "question": "We have a large number of blocks of $1 \\mathrm{~cm} \\times$ $2 \\mathrm{~cm} \\times 4 \\mathrm{~cm}$. We will try to put as many of these blocks as possible into a box of $4 \\mathrm{~cm} \\times$ $4 \\mathrm{~cm} \\times 4 \\mathrm{~cm}$ so that we were able to close the box with a lid. How many blocks fit in?\n<image1>",
    "options": "[]",
    "image": "images/454.jpg",
    "answer": "8",
    "solution": NaN,
    "level": 2,
    "subject": "combinatorial geometry",
    "folder_id": "349",
    "image_path": [
        "/349/454_flip_vertically.jpg",
        "/349/454.jpg"
    ]
}