{
    "id": 371,
    "question": "The square pictured, is split into two squares and two rectangles. The vertices of the shaded quadrilateral with area 3 are the midpoints of the sides of the smaller squares. What is the area of the non-shaded part of the big square?\n<image1>",
    "options": "[]",
    "image": "images/371.jpg",
    "answer": "21",
    "solution": NaN,
    "level": 5,
    "subject": "metric geometry - area",
    "folder_id": "32",
    "image_path": [
        "/32/371_rotate_90.jpg",
        "/32/371.jpg"
    ]
}