{
    "id": 1309,
    "question": "The distance of two not-crossing edges of a regular tetrahedron (triangular pyramid with all the six edges equal) is $6 \\mathrm{~cm}$. What is the volume of the tetrahedron $\\left(\\right.$ in $\\left.\\mathrm{cm}^{3}\\right)$?\n<image1>",
    "options": "[]",
    "image": "images/1309.jpg",
    "answer": "72",
    "solution": NaN,
    "level": 2,
    "subject": "solid geometry",
    "folder_id": "442",
    "image_path": [
        "/442/1309_flip_vertically.jpg",
        "/442/1309.jpg"
    ]
}