{
    "id": 233,
    "question": "The picture on the right shows a tile pattern. The side length of the bigger tiles is a and of the smaller ones b. The dotted lines (horizontal and tilted) include an angle of $30^{\\circ}$. How big is the ratio a:b?\n<image1>",
    "options": "['$(2 \\\\cdot \\\\sqrt{3}): 1$' '$(2+\\\\sqrt{3}): 1$' '$(3+\\\\sqrt{2}): 1$'\n '$(3 \\\\cdot \\\\sqrt{2}): 1$' '2:1']",
    "image": "images/233.jpg",
    "answer": "B",
    "solution": NaN,
    "level": 4,
    "subject": "metric geometry - angle",
    "folder_id": "328",
    "image_path": [
        "/328/233_flip_vertically.jpg",
        "/328/233.jpg"
    ]
}