{
    "id": 1619,
    "question": "Four identical small rectangles are put together to form a large rectangle as shown. The length of a shorter side of each small rectangle is $10 \\mathrm{~cm}$. What is the length of a longer side of the large rectangle? <image1>",
    "options": "['$50 \\\\mathrm{~cm}$' '$40 \\\\mathrm{~cm}$' '$30 \\\\mathrm{~cm}$'\n '$20 \\\\mathrm{~cm}$' '$10 \\\\mathrm{~cm}$']",
    "image": "images/1619.jpg",
    "answer": "B",
    "solution": "From the diagram, the length of a small rectangle is twice the width. Hence the length of a small rectangle is $20 \\mathrm{~cm}$. Therefore the length of the large rectangle, in $\\mathrm{cm}$, is $20+2 \\times 10=40$.",
    "level": 2,
    "subject": "metric geometry - length",
    "folder_id": "176",
    "image_path": [
        "/176/1619_rotate_90.jpg",
        "/176/1619.jpg"
    ]
}