{
    "id": 1613,
    "question": "Five equal rectangles are placed inside a square with side $24 \\mathrm{~cm}$, as shown in the diagram. What is the area in $\\mathrm{cm}^{2}$ of one rectangle? <image1>",
    "options": "[]",
    "image": "images/1613.jpg",
    "answer": "32",
    "solution": "Let the length and height of the small rectangle be $x \\mathrm{~cm}$ and $y \\mathrm{~cm}$ respectively. From the arrangement of the small rectangles within the square it can be seen that $x-y+x+y+x=24$ (horizontally) and $y+x+x+y=24$ (vertically). These simplify to $3 x=24$ and $2 y+2 x=24$ respectively. Hence the value of $x$ is 8 and the value of $y$ is 4 . The area of each small  ![](https://cdn.mathpix.com/cropped/2023_12_27_0f4ed2787981bb911326g-179.jpg?height=208&width=214&top_left_y=126&top_left_x=1124) rectangle in $\\mathrm{cm}^{2}$ is then $8 \\times 4=32$.",
    "level": 3,
    "subject": "metric geometry - area",
    "folder_id": "482",
    "image_path": [
        "/482/1613_flip_vertically.jpg",
        "/482/1613.jpg"
    ]
}