{
    "id": 1259,
    "question": "A regular hexagon is split into four quadrilaterals and a smaller regular hexagon. The ratio $\\frac{\\text { Area of the dark sections }}{\\text { Area of the small hexagon }}=\\frac{4}{3}$. How big is the ratio $\\frac{\\text { Area of the small hexagon }}{\\text { Area of the big hexagon }}$ ? <image1>",
    "options": "['$\\\\frac{3}{11}$' '$\\\\frac{1}{3}$' '$\\\\frac{2}{3}$' '$\\\\frac{3}{4}$'\n '$\\\\frac{3}{5}$']",
    "image": "images/1259.jpg",
    "answer": "A",
    "solution": NaN,
    "level": 3,
    "subject": "metric geometry - area",
    "folder_id": "432",
    "image_path": [
        "/432/1259_flip_vertically.jpg",
        "/432/1259.jpg"
    ]
}