{
    "id": 536,
    "question": "Jack makes a cube from 27 small cubes. The small cubes are either grey or white as shown in the diagram. Two small cubes with the same colour are not allowed to be placed next to each other. How many small, white cubes has Jack used?\n<image1>",
    "options": "[]",
    "image": "images/536.jpg",
    "answer": "13",
    "solution": NaN,
    "level": 5,
    "subject": "descriptive geometry",
    "folder_id": "47",
    "image_path": [
        "/47/536_rotate_90.jpg",
        "/47/536.jpg"
    ]
}