{
    "id": 669,
    "question": "Aladdin's carpet has the shape of a square. Along each edge there are two rows of dots (see diagram). The number of points is the same along each edge. How many dots in total does the carpet have?\n<image1>",
    "options": "[]",
    "image": "images/669.jpg",
    "answer": "32",
    "solution": NaN,
    "level": 3,
    "subject": "arithmetic",
    "folder_id": "371",
    "image_path": [
        "/371/669_flip_vertically.jpg",
        "/371/669.jpg"
    ]
}