{
    "id": 2695,
    "question": "Margie's winning art design is shown. The smallest circle has radius 2 inches, with each successive circle's radius increasing by 2 inches. Approximately what percent of the design is black?\n\n<image1>",
    "options": "['42' '44' '45' '46' '48']",
    "image": "images/2695.jpg",
    "answer": "A",
    "solution": NaN,
    "level": 3,
    "subject": "metric geometry - area",
    "folder_id": "281",
    "image_path": [
        "/281/2695_rotate_90.jpg",
        "/281/2695.jpg"
    ]
}