{
    "pid": 1137,
    "question": "What fraction of the shapes are squares?",
    "image": "images/1137.jpg",
    "choices": "['7/12' '2/9' '7/9' '3/7']",
    "unit": NaN,
    "precision": NaN,
    "question_type": "multi_choice",
    "answer_type": "text",
    "metadata": "{'category': 'math-targeted-vqa', 'context': 'abstract scene', 'grade': 'elementary school', 'img_height': 211, 'img_width': 277, 'language': 'english', 'skills': array(['arithmetic reasoning', 'statistical reasoning',\n       'geometry reasoning'], dtype=object), 'source': 'IconQA', 'split': 'test', 'task': 'math word problem'}",
    "query": "Hint: Please answer the question and provide the correct option letter, e.g., A, B, C, D, at the end.\nQuestion: What fraction of the shapes are squares?\nChoices:\n(A) 7/12\n(B) 2/9\n(C) 7/9\n(D) 3/7",
    "answer": "0.7777777777777778",
    "folder_id": "213",
    "image_path": [
        "/213/1137_flip_vertically.jpg",
        "/213/1137.jpg"
    ]
}