{
    "id": 1485,
    "question": "A small square with side length $4 \\mathrm{~cm}$ is drawn within a big square with side length $10 \\mathrm{~cm}$; their sides are parallel to each other (see diagram). What percentage of the figure is shaded? <image1>",
    "options": "['$25 \\\\%$' '$30 \\\\%$' '$40 \\\\%$' '$42 \\\\%$' '$45 \\\\%$']",
    "image": "images/1485.jpg",
    "answer": "D",
    "solution": NaN,
    "level": 4,
    "subject": "metric geometry - area",
    "folder_id": "161",
    "image_path": [
        "/161/1485_rotate_90.jpg",
        "/161/1485.jpg"
    ]
}