{
    "id": 824,
    "question": "A $1 \\times 1 \\times 1$ cube is cut out of each corner of a $3 \\times 3 \\times 3$ cube. The picture shows the result after the first cube is cut out. How many faces will the final shape have?\n<image1>",
    "options": "[]",
    "image": "images/824.jpg",
    "answer": "30",
    "solution": NaN,
    "level": 5,
    "subject": "solid geometry",
    "folder_id": "385",
    "image_path": [
        "/385/824_flip_vertically.jpg",
        "/385/824.jpg"
    ]
}