{
    "id": 842,
    "question": "Each square in the shape has an area of $4 \\mathrm{~cm}^{2}$. How long is the thick line?\n<image1>",
    "options": "['$16 \\\\mathrm{~cm}$' '$18 \\\\mathrm{~cm}$' '$20 \\\\mathrm{~cm}$'\n '$21 \\\\mathrm{~cm}$' '$23 \\\\mathrm{~cm}$']",
    "image": "images/842.jpg",
    "answer": "B",
    "solution": NaN,
    "level": 2,
    "subject": "combinatorial geometry",
    "folder_id": "388",
    "image_path": [
        "/388/842_flip_vertically.jpg",
        "/388/842.jpg"
    ]
}