{
    "id": 850,
    "question": "For the game of Chess a new piece, the Kangaroo, has been invented. With each jump the kangaroo jumps either 3 squares vertically and 1 Horizontally, or 3 horizontally and 1 vertically, as pictured. What is the smallest number of jumps the kangaroo must make to move from its current position to position $\\mathrm{A}$ ?\n<image1>",
    "options": "[]",
    "image": "images/850.jpg",
    "answer": "3",
    "solution": NaN,
    "level": 2,
    "subject": "graph theory",
    "folder_id": "389",
    "image_path": [
        "/389/850_flip_vertically.jpg",
        "/389/850.jpg"
    ]
}