{
    "id": 1270,
    "question": "A rectangular sheet of paper with measures $6 \\times 12$ is folded along its diagonal. The shaded parts sticking out over the edge of the overlapping area are cut off and the sheet is unfolded. Now it has the shape of a rhombus. Find the length of the side of the rhombus.\n<image1>",
    "options": "[]",
    "image": "images/1270.jpg",
    "answer": "7.5",
    "solution": NaN,
    "level": 4,
    "subject": "transformation geometry",
    "folder_id": "433",
    "image_path": [
        "/433/1270_flip_vertically.jpg",
        "/433/1270.jpg"
    ]
}