{
    "id": 2763,
    "question": "Akash's birthday cake is in the form of a $4 \\times 4 \\times 4$ inch cube. The cake has icing on the top and the four side faces, and no icing on the bottom. Suppose the cake is cut into $64$ smaller cubes, each measuring $1 \\times 1 \\times 1$ inch, as shown below. How many of the small pieces will have icing on exactly two sides?\n\n<image1>",
    "options": "[]",
    "image": "images/2763.jpg",
    "answer": "20",
    "solution": NaN,
    "level": 4,
    "subject": "solid geometry",
    "folder_id": "287",
    "image_path": [
        "/287/2763_rotate_90.jpg",
        "/287/2763.jpg"
    ]
}