{
    "id": 3001,
    "question": "A decorative arrangement of floor tiles forms concentric circles, as shown in the figure to the right. The smallest circle has a radius of 2 feet, and each successive circle has a radius 2 feet longer. All the lines shown intersect at the center and form 12 congruent central angles. What is the area of the shaded region? Express your answer in terms of $\\pi$. <image1>",
    "options": "[]",
    "image": "images/3001.jpg",
    "answer": "\\pi",
    "solution": "The smallest circle has radius 2, so the next largest circle has radius 4.  The area inside the circle of radius 4 not inside the circle of radius 2 is equal to the difference: $$\\pi\\cdot4^2-\\pi\\cdot2^2=16\\pi-4\\pi=12\\pi$$ This area has been divided into twelve small congruent sections by the radii shown, and the shaded region is one of these.  Thus, the area of the shaded region is: $$12\\pi\\cdot\\frac{1}{12}=\\boxed{\\pi}$$",
    "level": 1,
    "subject": "metric geometry - area",
    "folder_id": "301",
    "image_path": [
        "/301/3001_rotate_90.jpg",
        "/301/3001.jpg"
    ]
}