{
    "id": 555,
    "question": "Five children each have a black square, a grey triangle and a white circle made up of paper. The children place the three shapes on top of each other as seen in the pictures. In how many pictures was the triangles placed after the square?\n<image1>",
    "options": "[]",
    "image": "images/555.jpg",
    "answer": "3",
    "solution": NaN,
    "level": 5,
    "subject": "descriptive geometry",
    "folder_id": "362",
    "image_path": [
        "/362/555_flip_vertically.jpg",
        "/362/555.jpg"
    ]
}