{
    "id": 1079,
    "question": "On the inside of a square with side length $7 \\mathrm{~cm}$ another square is drawn with side length $3 \\mathrm{~cm}$. Then a third square with side length $5 \\mathrm{~cm}$ is drawn so that it cuts the first two as shown in the picture on the right. How big is the difference between the black area and the grey area?\n<image1>",
    "options": "['$0 \\\\mathrm{~cm}^{2}$' '$10 \\\\mathrm{~cm}^{2}$' '$11 \\\\mathrm{~cm}^{2}$'\n '$15 \\\\mathrm{~cm}^{2}$'\n 'It can not be decided from the information given.']",
    "image": "images/1079.jpg",
    "answer": "D",
    "solution": NaN,
    "level": 3,
    "subject": "metric geometry - area",
    "folder_id": "413",
    "image_path": [
        "/413/1079_flip_vertically.jpg",
        "/413/1079.jpg"
    ]
}