{
    "id": 1297,
    "question": "Two squares have side 1. What is the area of the black quadrangle?\n<image1>",
    "options": "['$\\\\sqrt{2}-1$' '$\\\\frac{\\\\sqrt{2}}{2}$' '$\\\\frac{\\\\sqrt{2}+1}{2}$'\n '$\\\\sqrt{2}+1$' '$\\\\sqrt{3}-\\\\sqrt{2}$']",
    "image": "images/1297.jpg",
    "answer": "A",
    "solution": NaN,
    "level": 4,
    "subject": "metric geometry - area",
    "folder_id": "438",
    "image_path": [
        "/438/1297_flip_vertically.jpg",
        "/438/1297.jpg"
    ]
}