{
    "id": 1297,
    "question": "Two squares have side 1. What is the area of the black quadrangle?\n<image1>",
    "options": "['$\\\\sqrt{2}-1$' '$\\\\frac{\\\\sqrt{2}}{2}$' '$\\\\frac{\\\\sqrt{2}+1}{2}$'\n '$\\\\sqrt{2}+1$' '$\\\\sqrt{3}-\\\\sqrt{2}$']",
    "image": "images/1297.jpg",
    "answer": "A",
    "solution": NaN,
    "level": 4,
    "subject": "metric geometry - area",
    "folder_id": "131",
    "image_path": [
        "/131/1297_rotate_90.jpg",
        "/131/1297.jpg"
    ]
}