{
    "id": 1506,
    "question": "Two squares of the same size, and with their edges parallel, cover a circle with a radius of $3 \\mathrm{~cm}$, as shown. In square centimetres, what is the total shaded area? <image1>",
    "options": "['$8(\\\\pi-1)$' '$6(2 \\\\pi-1)$' '$(9 \\\\pi-25)$' '$9(\\\\pi-2)$'\n '$\\\\frac{6\\\\pi}{5}$']",
    "image": "images/1506.jpg",
    "answer": "D",
    "solution": "From the diagram, it can be seen that the area of the central square is half of the dashed square, that is $\\frac{1}{2}\\times 6\\times 6=18$. The shaded area is the area of the circle less the area of the central square, so is $\\pi\\times 3^2-18=9(\\pi -2)$. ![](https://cdn.mathpix.com/cropped/2023_12_27_0f4ed2787981bb911326g-010.jpg?height=410&width=490&top_left_y=520&top_left_x=1320)",
    "level": 3,
    "subject": "metric geometry - area",
    "folder_id": "163",
    "image_path": [
        "/163/1506_rotate_90.jpg",
        "/163/1506.jpg"
    ]
}