{
    "pid": 3107,
    "question": "Count the number of cubes in this picture.",
    "image": "images/3107.jpg",
    "choices": NaN,
    "unit": NaN,
    "precision": NaN,
    "question_type": "free_form",
    "answer_type": "integer",
    "metadata": "{'category': 'math-targeted-vqa', 'context': 'puzzle test', 'grade': 'elementary school', 'img_height': 531, 'img_width': 900, 'language': 'english', 'skills': array(['arithmetic reasoning', 'logical reasoning'], dtype=object), 'source': 'IQTest', 'split': 'test', 'task': 'figure question answering'}",
    "query": "Hint: Please answer the question requiring an integer answer and provide the final value, e.g., 1, 2, 3, at the end.\nQuestion: Count the number of cubes in this picture.",
    "answer": "6",
    "folder_id": "86",
    "image_path": [
        "/86/3107_rotate_90.jpg",
        "/86/3107.jpg"
    ]
}