{
    "id": 2615,
    "question": "Three dice with faces numbered 1 through 6 are stacked as shown. Seven of the eighteen faces are visible, leaving eleven faces hidden (back, bottom, between). The total number of dots NOT visible in this view is\n\n<image1>",
    "options": "[]",
    "image": "images/2615.jpg",
    "answer": "41",
    "solution": NaN,
    "level": 4,
    "subject": "solid geometry",
    "folder_id": "272",
    "image_path": [
        "/272/2615_rotate_90.jpg",
        "/272/2615.jpg"
    ]
}