{
    "id": 1331,
    "question": "Six points are marked on a square grid as pictured. Which geometric figure cannot be drawn if only the marked points are allowed to be used as cornerpoints of the figure?\n<image1>",
    "options": "['square' 'parallelogram with different long sides' 'acute triangle'\n 'obtuse triangle' 'all figures are possible']",
    "image": "images/1331.jpg",
    "answer": "E",
    "solution": NaN,
    "level": 3,
    "subject": "combinatorial geometry",
    "folder_id": "446",
    "image_path": [
        "/446/1331_flip_vertically.jpg",
        "/446/1331.jpg"
    ]
}