{
    "id": 1156,
    "question": "Mike has 125 small, equally big cubes. He glues some of them together in such a way that one big cube with exactly nine tunnels is created (see diagram). The tunnels go all the way straight through the cube. How many of the 125 cubes is he not using?\n<image1>",
    "options": "[]",
    "image": "images/1156.jpg",
    "answer": "39",
    "solution": NaN,
    "level": 4,
    "subject": "solid geometry",
    "folder_id": "424",
    "image_path": [
        "/424/1156_flip_vertically.jpg",
        "/424/1156.jpg"
    ]
}