{
    "id": 1522,
    "question": "In the diagram on the right, the triangle is equilateral.\n<image1>\nWhat is the area of the large circle divided by the area of the small circle?",
    "options": "[]",
    "image": "images/1522.jpg",
    "answer": "16",
    "solution": "If $L$ is the centre of the large circle, $\\angle J N L=30^{\\circ}$ because $K N$ is a line of symmetry of the equilateral triangle. Since $L N$ and $L J$ are both radii, $\\triangle J L N$ is isosceles and so $\\angle N J L=\\angle J N L=30^{\\circ}$. Hence $\\angle K L J=60^{\\circ}$ and since $K L=J L$, $\\triangle K J L$ is equilateral and $K M=M L$. Hence the radius of the larger circle is 4 times that of the smaller circle, and so the area is 16 times that of the smaller circle.  ![](https://cdn.mathpix.com/cropped/2023_12_27_0f4ed2787981bb911326g-024.jpg?height=499&width=508&top_left_y=2189&top_left_x=1248)",
    "level": 3,
    "subject": "metric geometry - area",
    "folder_id": "471",
    "image_path": [
        "/471/1522_flip_vertically.jpg",
        "/471/1522.jpg"
    ]
}