{
    "id": 2625,
    "question": "To promote her school's annual Kite Olympics, Genevieve makes a small kite and a large kite for a bulletin board display. The kites look like the one in the diagram. For her small kite Genevieve draws the kite on a one-inch grid. For the large kite she triples both the height and width of the entire grid.\n<image1>\n\n\nWhat is the number of square inches in the area of the small kite?",
    "options": "[]",
    "image": "images/2625.jpg",
    "answer": "21",
    "solution": NaN,
    "level": 4,
    "subject": "combinatorial geometry",
    "folder_id": "273",
    "image_path": [
        "/273/2625_rotate_90.jpg",
        "/273/2625.jpg"
    ]
}