{
    "id": 1379,
    "question": "The circumference of the large wheel measures $4.2 \\mathrm{~m}$, and that of the small wheel $0.9 \\mathrm{~m}$. To begin with the valves on both wheels are at the lowest point, and then the bicycle moves to the left. After a few metres both valves are again at the lowest point at the same time. After how many metres does this happen for the first time?\n<image1>",
    "options": "['$4.2 \\\\mathrm{~m}$' '$6.3 \\\\mathrm{~m}$' '$12.6 \\\\mathrm{~m}$'\n '$25.2 \\\\mathrm{~m}$' '$37.8 \\\\mathrm{~m}$']",
    "image": "images/1379.jpg",
    "answer": "C",
    "solution": NaN,
    "level": 4,
    "subject": "transformation geometry",
    "folder_id": "454",
    "image_path": [
        "/454/1379_flip_vertically.jpg",
        "/454/1379.jpg"
    ]
}