{
    "id": 1839,
    "question": "An equilateral triangle and a regular hexagon are inscribed in a circle which is itself inscribed in an equilateral triangle. $L$ is the area of the large triangle, $S$ is the area of the smaller triangle and $H$ is the area of the hexagon. Which of these statements is true? <image1>",
    "options": "['$L=H+3 S$' '$H=L S$' '$H=\\\\frac{1}{2}(L+S)$' '$H=L-S$' '$H=\\\\sqrt{L S}$']",
    "image": "images/1839.jpg",
    "answer": "E",
    "solution": "By splitting area $S$ into three small triangles $T$, we see that $S=3 T ; L=12 T ;$ and $H=6 T$. Substituting these into the given expressions, we can see that only $\\mathrm{E}$ is always true.  ![](https://cdn.mathpix.com/cropped/2023_12_27_0f4ed2787981bb911326g-075.jpg?height=228&width=214&top_left_y=226&top_left_x=1612)",
    "level": 4,
    "subject": "metric geometry - area",
    "folder_id": "508",
    "image_path": [
        "/508/1839_flip_vertically.jpg",
        "/508/1839.jpg"
    ]
}