{
    "id": 2817,
    "question": "Suppose that in a group of $6$ people, if $A$ is friends with $B$, then $B$ is friends with $A$. If each of the $6$ people draws a graph of the friendships between the other $5$ people, we get these $6$ graphs, where edges represent\\nfriendships and points represent people.\\n\\nIf Sue drew the first graph, how many friends does she have?\\n<image1>",
    "options": "[]",
    "image": "images/2817.jpg",
    "answer": "4",
    "solution": "We see that each friendship is shown in all but two of these graphs, so the total number of edges (friendships) is $\\frac{1}{4}$ times the sum of edges in all graphs. This indicates there are 11 friendships within the group. The number of friendships Sue has is the number missing in the first graph; this gives $11-7=4$. The problem can also be done by deducing which node Sue is in various graphs.",
    "level": 5,
    "subject": "graph theory",
    "folder_id": "290",
    "image_path": [
        "/290/2817_rotate_90.jpg",
        "/290/2817.jpg"
    ]
}