{
    "id": 1139,
    "question": "Seven identical dice (each with 1, 2, 3, 4, 5 and 6 points on their faces) are glued together to form the solid shown. Faces that are glued together each have the same number of points. How many points can be seen on the surface of the solid?\n<image1>",
    "options": "[]",
    "image": "images/1139.jpg",
    "answer": "105",
    "solution": NaN,
    "level": 4,
    "subject": "solid geometry",
    "folder_id": "114",
    "image_path": [
        "/114/1139_rotate_90.jpg",
        "/114/1139.jpg"
    ]
}