{
    "pid": 4599,
    "question": "Subtract all yellow rubber spheres. Subtract all gray things. How many objects are left?",
    "image": "images/4599.jpg",
    "choices": NaN,
    "unit": NaN,
    "precision": NaN,
    "question_type": "free_form",
    "answer_type": "integer",
    "metadata": "{'category': 'math-targeted-vqa', 'context': 'synthetic scene', 'grade': 'elementary school', 'img_height': 240, 'img_width': 320, 'language': 'english', 'skills': array(['arithmetic reasoning'], dtype=object), 'source': 'CLEVR-Math', 'split': 'test', 'task': 'math word problem'}",
    "query": "Hint: Please answer the question requiring an integer answer and provide the final value, e.g., 1, 2, 3, at the end.\nQuestion: Subtract all yellow rubber spheres. Subtract all gray things. How many objects are left?",
    "answer": "1",
    "folder_id": "147",
    "image_path": [
        "/147/4599_rotate_90.jpg",
        "/147/4599.jpg"
    ]
}