{
    "id": 2318,
    "question": "<image1>\n\nEach of the three circles in the adjoining figure is externally tangent to the other two, and each side of the triangle is tangent to two of the circles. If each circle has radius three, then the perimeter of the triangle is",
    "options": "['$36+9\\\\sqrt{2}$' '$36+6\\\\sqrt{3}$' '$36+9\\\\sqrt{3}$' '$18+18\\\\sqrt{3}$'\n '$45$']",
    "image": "images/2318.jpg",
    "answer": "D",
    "solution": NaN,
    "level": 5,
    "subject": "metric geometry - length",
    "folder_id": "255",
    "image_path": [
        "/255/2318_rotate_90.jpg",
        "/255/2318.jpg"
    ]
}