{
    "id": 1319,
    "question": "A 3-pyramid is a stack of the following 3 layers of balls. In the same way we have a 4-pyramid, a 5-pyramid, etc. All the outside balls of an 8-pyramid are removed. What kind of figure form the rest balls?\n<image1>",
    "options": "['3-pyramid' '4-pyramid' '5-pyramid' '6-pyramid' '7-pyramid']",
    "image": "images/1319.jpg",
    "answer": "B",
    "solution": NaN,
    "level": 2,
    "subject": "solid geometry",
    "folder_id": "443",
    "image_path": [
        "/443/1319_flip_vertically.jpg",
        "/443/1319.jpg"
    ]
}