{
    "id": 507,
    "question": "Baris has a few dominoes as shown in the picture. He wants to lay them in a line according to the rules of dominoes, that is that two dominoes can only be laid together if the neighbouring squares have the same number of dots in them. What is the biggest number of these dominoes that he can lay in a single line?\n<image1>",
    "options": "[]",
    "image": "images/507.jpg",
    "answer": "5",
    "solution": NaN,
    "level": 2,
    "subject": "graph theory",
    "folder_id": "44",
    "image_path": [
        "/44/507_rotate_90.jpg",
        "/44/507.jpg"
    ]
}