{
    "id": 2201,
    "question": "A sphere is inscribed in a truncated right circular cone as shown. The volume of the truncated cone is twice that of the sphere. What is the ratio of the radius of the bottom base of the truncated cone to the radius of the top base of the truncated cone?\n\n\n<image1>",
    "options": "['$\\\\frac{3}{2}$' '$\\\\frac{1+\\\\sqrt{5}}{2}$' '$\\\\sqrt{3}$' '$2$'\n '$\\\\frac{3+\\\\sqrt{5}}{2}$']",
    "image": "images/2201.jpg",
    "answer": "E",
    "solution": NaN,
    "level": 2,
    "subject": "solid geometry",
    "folder_id": "248",
    "image_path": [
        "/248/2201_rotate_90.jpg",
        "/248/2201.jpg"
    ]
}