{
    "id": 2534,
    "question": "Suppose a square piece of paper is folded in half vertically.  The folded paper is then cut in half along the dashed line.  Three rectangles are formed-a large one and two small ones.  What is the ratio of the perimeter of one of the small rectangles to the perimeter of the large rectangle?\n<image1>",
    "options": "['$\\\\frac{1}{2}$' '$\\\\frac{2}{3}$' '$\\\\frac{3}{4}$' '$\\\\frac{4}{5}$'\n '$\\\\frac{5}{6}$']",
    "image": "images/2534.jpg",
    "answer": "E",
    "solution": NaN,
    "level": 3,
    "subject": "transformation geometry",
    "folder_id": "262",
    "image_path": [
        "/262/2534_rotate_90.jpg",
        "/262/2534.jpg"
    ]
}