{
    "pid": 1124,
    "question": "How many faces does this shape have?",
    "image": "images/1124.jpg",
    "choices": NaN,
    "unit": NaN,
    "precision": NaN,
    "question_type": "free_form",
    "answer_type": "integer",
    "metadata": "{'category': 'math-targeted-vqa', 'context': 'abstract scene', 'grade': 'elementary school', 'img_height': 269, 'img_width': 281, 'language': 'english', 'skills': array(['arithmetic reasoning'], dtype=object), 'source': 'IconQA', 'split': 'test', 'task': 'math word problem'}",
    "query": "Hint: Please answer the question requiring an integer answer and provide the final value, e.g., 1, 2, 3, at the end.\nQuestion: How many faces does this shape have?",
    "answer": "6",
    "folder_id": "212",
    "image_path": [
        "/212/1124_flip_vertically.jpg",
        "/212/1124.jpg"
    ]
}