{
    "pid": 1028,
    "question": "How many snowflakes are there?",
    "image": "images/1028.jpg",
    "choices": NaN,
    "unit": NaN,
    "precision": NaN,
    "question_type": "free_form",
    "answer_type": "integer",
    "metadata": "{'category': 'math-targeted-vqa', 'context': 'abstract scene', 'grade': 'elementary school', 'img_height': 406, 'img_width': 690, 'language': 'english', 'skills': array(['arithmetic reasoning'], dtype=object), 'source': 'IconQA', 'split': 'test', 'task': 'math word problem'}",
    "query": "Hint: Please answer the question requiring an integer answer and provide the final value, e.g., 1, 2, 3, at the end.\nQuestion: How many snowflakes are there?",
    "answer": "5",
    "folder_id": "0",
    "image_path": [
        "/0/1028_rotate_90.jpg",
        "/0/1028.jpg"
    ]
}