{
    "id": 1181,
    "question": "A big square is divided up into smaller squares of different sizes as shown. Some of the smaller squares are shaded in grey. Which fraction of the big square is shaded in grey?\n<image1>",
    "options": "['$\\\\frac{2}{3}$' '$\\\\frac{2}{5}$' '$\\\\frac{4}{7}$' '$\\\\frac{4}{9}$'\n '$\\\\frac{5}{12}$']",
    "image": "images/1181.jpg",
    "answer": "D",
    "solution": NaN,
    "level": 3,
    "subject": "metric geometry - area",
    "folder_id": "426",
    "image_path": [
        "/426/1181_flip_vertically.jpg",
        "/426/1181.jpg"
    ]
}