{
    "id": 1852,
    "question": "The diagram shows a triangle and three circles whose centres are at the vertices of the triangle. The area of the triangle is $80 \\mathrm{~cm}^{2}$ and each of the circles has radius $2 \\mathrm{~cm}$. What is the area, in $\\mathrm{cm}^{2}$, of the shaded area? <image1>",
    "options": "['76' '$80-2 \\\\pi$' '$40-4 \\\\pi$' '$80-\\\\pi$' '$78 \\\\pi$']",
    "image": "images/1852.jpg",
    "answer": "B",
    "solution": "The three angles of the triangle add to $180^{\\circ}$, so the combined area of the three sectors of the circles that are inside the triangle add up to half a circle with area $\\frac{1}{2} \\times \\pi \\times 2^{2}=\\frac{4 \\pi}{2}=2 \\pi$. So the grey area is $(80-2 \\pi) \\mathrm{cm}^{2}$.  ![](https://cdn.mathpix.com/cropped/2023_12_27_0f4ed2787981bb911326g-105.jpg?height=206&width=343&top_left_y=1416&top_left_x=1459)",
    "level": 4,
    "subject": "metric geometry - area",
    "folder_id": "207",
    "image_path": [
        "/207/1852_rotate_90.jpg",
        "/207/1852.jpg"
    ]
}