{
    "id": 330,
    "question": "The diagram shows two adjoining squares with side lengths $a$ and $b$ (with $a<b$). How big is the area of the grey triangle?\n<image1>",
    "options": "['$\\\\sqrt{a b}$' '$\\\\frac{1}{2} a^{2}$' '$\\\\frac{1}{2} b^{2}$'\n '$\\\\frac{1}{4}\\\\left(a^{2}+b^{2}\\\\right)$'\n '$\\\\frac{1}{2}\\\\left(a^{2}+b^{2}\\\\right)$']",
    "image": "images/330.jpg",
    "answer": "B",
    "solution": NaN,
    "level": 5,
    "subject": "metric geometry - area",
    "folder_id": "337",
    "image_path": [
        "/337/330_flip_vertically.jpg",
        "/337/330.jpg"
    ]
}