{
    "id": 1668,
    "question": "Cathie folded a square sheet of paper in half twice and then cut it through the middle twice, as shown in the diagram, before unfolding it all. How many of the pieces that she obtained were squares? <image1>",
    "options": "[]",
    "image": "images/1668.jpg",
    "answer": "5",
    "solution": "When Cathie cut the paper as described in the question, her cuts divided the original paper as shown in the diagram. It can then be seen that the five pieces shaded are squares.  ![](https://cdn.mathpix.com/cropped/2023_12_27_0f4ed2787981bb911326g-260.jpg?height=240&width=505&top_left_y=1385&top_left_x=1461)",
    "level": 3,
    "subject": "transformation geometry",
    "folder_id": "182",
    "image_path": [
        "/182/1668_rotate_90.jpg",
        "/182/1668.jpg"
    ]
}