{
    "id": 348,
    "question": "Vilma took a sheet of paper measuring $10 \\mathrm{~cm} \\times 20 \\mathrm{~cm}$ and made two folds, taking the two smaller sides of the sheet to a diagonal of it. She gets a parallelogram, as shown in the picture. What is the area of this quadrilateral, in $\\mathrm{cm}^{2}$?\n<image1>",
    "options": "['$\\\\frac{100 \\\\sqrt{5}}{3}$' '$50 \\\\sqrt{5}$' '$100(\\\\sqrt{5}-1)$'\n '$50(5-\\\\sqrt{5})$' '$50(5+\\\\sqrt{5})$']",
    "image": "images/348.jpg",
    "answer": "D",
    "solution": NaN,
    "level": 5,
    "subject": "transformation geometry",
    "folder_id": "29",
    "image_path": [
        "/29/348_rotate_90.jpg",
        "/29/348.jpg"
    ]
}