{
    "id": 1416,
    "question": "In the three regular hexagons shown, $X, Y$ and $Z$ describe in this order the areas of the grey shaded parts. Which of the following statements is true?\n<image1>",
    "options": "['$X=Y=Z$' '$Y=Z \\\\neq X$' '$Z=X \\\\neq Y$' '$X=Y \\\\neq Z$'\n 'Each of the areas has a different value.']",
    "image": "images/1416.jpg",
    "answer": "A",
    "solution": NaN,
    "level": 4,
    "subject": "metric geometry - area",
    "folder_id": "151",
    "image_path": [
        "/151/1416_rotate_90.jpg",
        "/151/1416.jpg"
    ]
}