{
    "id": 2242,
    "question": "A square with side length $8$ is colored white except for $4$ black isosceles right triangular regions with legs of length $2$ in each corner of the square and a black diamond with side length $2\\sqrt{2}$ in the center of the square, as shown in the diagram. A circular coin with diameter $1$ is dropped onto the square and lands in a random location where the coin is completely contained within the square, The probability that the coin will cover part of the black region of the square can be written as $\\frac{1}{196}(a+b\\sqrt{2}+\\pi)$, where $a$ and $b$ are positive integers. What is $a+b$?\n\n<image1>",
    "options": "[]",
    "image": "images/2242.jpg",
    "answer": "68",
    "solution": NaN,
    "level": 4,
    "subject": "metric geometry - area",
    "folder_id": "251",
    "image_path": [
        "/251/2242_rotate_90.jpg",
        "/251/2242.jpg"
    ]
}