{
    "id": 1340,
    "question": "Lines drawn parallel to the base of the triangle pictured, separate the other two sides into 10 equally large parts. What percentage of the triangle is grey?\n<image1>",
    "options": "['$41.75 \\\\%$' '$42.5 \\\\%$' '$45 \\\\%$' '$46 \\\\%$' '$47.5 \\\\%$']",
    "image": "images/1340.jpg",
    "answer": "C",
    "solution": NaN,
    "level": 4,
    "subject": "metric geometry - area",
    "folder_id": "447",
    "image_path": [
        "/447/1340_flip_vertically.jpg",
        "/447/1340.jpg"
    ]
}