{
    "id": 2595,
    "question": "Each corner cube is removed from this $3\\text{ cm}\\times 3\\text{ cm}\\times 3\\text{ cm}$ cube.  The surface area of the remaining figure is\n\n<image1>",
    "options": "['$19\\\\text{ sq.cm}$' '$24\\\\text{ sq.cm}$' '$30\\\\text{ sq.cm}$'\n '$54\\\\text{ sq.cm}$' '$72\\\\text{ sq.cm}$']",
    "image": "images/2595.jpg",
    "answer": "D",
    "solution": NaN,
    "level": 4,
    "subject": "solid geometry",
    "folder_id": "269",
    "image_path": [
        "/269/2595_rotate_90.jpg",
        "/269/2595.jpg"
    ]
}