{
    "id": 1307,
    "question": "An equilateral triangle and a regular hexagon are inscribed in a circle, the latter beeing inscribed in an equilateral triangle (see the picture). $S$ is the area of the big triangle, $s$ the area of the little one and $Q$ is the area of the hexagon. What is true?\n<image1>",
    "options": "['$Q=\\\\sqrt{S \\\\cdot s}$' '$Q=\\\\frac{S+s}{2}$' '$S=s+Q$'\n '$Q=\\\\sqrt{S^{2}+s^{2}}$' '$S=Q+3 s$']",
    "image": "images/1307.jpg",
    "answer": "A",
    "solution": NaN,
    "level": 4,
    "subject": "metric geometry - area",
    "folder_id": "440",
    "image_path": [
        "/440/1307_flip_vertically.jpg",
        "/440/1307.jpg"
    ]
}