{
    "id": 1877,
    "question": "Simone has a cube with sides of length $10 \\mathrm{~cm}$, and a pack of identical square stickers. She places one sticker in the centre of each face of the cube, and one across each edge so that the stickers meet at their corners, as shown in the diagram. What is the total area in $\\mathrm{cm}^{2}$ of the stickers used by Simone? <image1>",
    "options": "[]",
    "image": "images/1877.jpg",
    "answer": "225",
    "solution": "By dividing the front face of the cube into 16 congruent squares, it is easily seen that the area of the stickers is $\\frac{6}{16}$ of the area of the whole front. There are six faces, each with area $100 \\mathrm{~cm}^{2}$ so the total area of the stickers is $\\frac{6}{16} \\times 100 \\times 6=225 \\mathrm{~cm}^{2}$.  ![](https://cdn.mathpix.com/cropped/2023_12_27_0f4ed2787981bb911326g-139.jpg?height=245&width=245&top_left_y=2389&top_left_x=1548)",
    "level": 2,
    "subject": "solid geometry",
    "folder_id": "213",
    "image_path": [
        "/213/1877_rotate_90.jpg",
        "/213/1877.jpg"
    ]
}