{
    "id": 1872,
    "question": "The diagram shows a shape made from a regular hexagon of side one unit, six triangles and six squares. What is the perimeter of the shape? <image1>",
    "options": "['$6(1+\\\\sqrt{2})$' '$6\\\\left(1+\\\\frac{1}{2} \\\\sqrt{3}\\\\right)$' '$12$'\n '$6+3 \\\\sqrt{2}$' '$9$']",
    "image": "images/1872.jpg",
    "answer": "C",
    "solution": "The interior angles of a regular hexagon are all $120^{\\circ}$. At any vertex of the hexagon, there are two squares and a triangle, so the angle of the triangle at that point must be $360^{\\circ}-120^{\\circ}-90^{\\circ}-90^{\\circ}=60^{\\circ}$. Hence the other two angles of the triangle must add to $180^{\\circ}-60^{\\circ}=120^{\\circ}$. The triangles are isosceles since they have two edges of length 1 unit, so the other two angles are equal and must be $60^{\\circ}$. Therefore the triangles are equilateral.  Since the component shapes are all regular, every edge is 1 unit. The perimeter is then 12 units long.",
    "level": 4,
    "subject": "metric geometry - length",
    "folder_id": "211",
    "image_path": [
        "/211/1872_rotate_90.jpg",
        "/211/1872.jpg"
    ]
}