{
    "id": 1420,
    "question": "Two concentric circles with radii 1 and 9 form an annulus. $n$ circles without overlap are drawn inside this annulus, where every circle touches both circles of the annulus. (The diagram shows an example for $\\mathrm{n}=1$ and the other radii as given.) What is the biggest possible value of $n$?\n<image1>",
    "options": "[]",
    "image": "images/1420.jpg",
    "answer": "3",
    "solution": NaN,
    "level": 3,
    "subject": "combinatorial geometry",
    "folder_id": "152",
    "image_path": [
        "/152/1420_rotate_90.jpg",
        "/152/1420.jpg"
    ]
}