{
    "id": 11,
    "question": "Mike has built a construction, shown in the upper picture, from equal cubes. Lily has taken several cubes out of it, thus Mike's construction became such as we see in the lower picture. How many cubes has Lily taken?\n<image1>",
    "options": "[]",
    "image": "images/11.jpg",
    "answer": "7",
    "solution": NaN,
    "level": 1,
    "subject": "solid geometry",
    "folder_id": "306",
    "image_path": [
        "/306/11_flip_vertically.jpg",
        "/306/11.jpg"
    ]
}