{
    "id": 2004,
    "question": "The large equilateral triangle shown consists of 36 smaller equilateral triangles. Each of the smaller equilateral triangles has area $10 \\mathrm{~cm}^{2}$.\nThe area of the shaded triangle is $K \\mathrm{~cm}^{2}$. Find $K$.\n<image1>",
    "options": "[]",
    "image": "images/2004.jpg",
    "answer": "110",
    "solution": "For each small equilateral triangle, let the length of each side be $x$ and the perpendicular height be $h$. We may trap the shaded triangle in a rectangle as shown, where one vertex is coincident with one of the vertices of the rectangle and the other two vertices lie on sides of the rectangle. The rectangle has width $4 x$ and height $3 h$. Therefore the rectangle's area is $12 x h$. ![](https://cdn.mathpix.com/cropped/2023_12_27_ca29a3c6869d4033598bg-3.jpg?height=365&width=417&top_left_y=1645&top_left_x=1371) The three additional (unshaded) right-angled triangles in the rectangle have areas $\\frac{1}{2} \\times 4 x \\times 2 h=4 x h$, $\\frac{1}{2} \\times \\frac{1}{2} x \\times 3 h=\\frac{3}{4} x h$ and $\\frac{1}{2} \\times \\frac{7}{2} x \\times h=\\frac{7}{4} x h$. Therefore their total area is $4 x h+\\frac{3}{4} x h+\\frac{7}{4} x h=\\frac{13}{2} x h$. Therefore $K=12 x h-\\frac{13}{2} x h=\\frac{11}{2} x h$. ![](https://cdn.mathpix.com/cropped/2023_12_27_ca29a3c6869d4033598bg-3.jpg?height=194&width=297&top_left_y=2116&top_left_x=1393) Each of the 36 smaller equilateral triangles has area $\\frac{1}{2} x h$ so we know that $\\frac{1}{2} x h=10$ and therefore that $x h=20$. Therefore $K=\\frac{11}{2} \\times 20=110$.",
    "level": 5,
    "subject": "combinatorial geometry",
    "folder_id": "531",
    "image_path": [
        "/531/2004_flip_vertically.jpg",
        "/531/2004.jpg"
    ]
}