{
    "pid": 5174,
    "question": "If you select a marble without looking, how likely is it that you will pick a black one?",
    "image": "images/5174.jpg",
    "choices": "['certain' 'unlikely' 'impossible' 'probable']",
    "unit": NaN,
    "precision": NaN,
    "question_type": "multi_choice",
    "answer_type": "text",
    "metadata": "{'category': 'math-targeted-vqa', 'context': 'abstract scene', 'grade': 'elementary school', 'img_height': 137, 'img_width': 180, 'language': 'english', 'skills': array(['statistical reasoning'], dtype=object), 'source': 'IconQA', 'split': 'test', 'task': 'math word problem'}",
    "query": "Hint: Please answer the question and provide the correct option letter, e.g., A, B, C, D, at the end.\nQuestion: If you select a marble without looking, how likely is it that you will pick a black one?\nChoices:\n(A) certain\n(B) unlikely\n(C) impossible\n(D) probable",
    "answer": "certain",
    "folder_id": "172",
    "image_path": [
        "/172/5174_rotate_90.jpg",
        "/172/5174.jpg"
    ]
}