{
    "id": 541,
    "question": "Some of the small squares on each of the square transparencies have been coloured black. If you slide the three transparencies on top of each other, without lifting them from the table, a new pattern can be seen. What is the maximum number of black squares which could be seen in the new pattern?\n<image1>",
    "options": "[]",
    "image": "images/541.jpg",
    "answer": "8",
    "solution": NaN,
    "level": 5,
    "subject": "descriptive geometry",
    "folder_id": "48",
    "image_path": [
        "/48/541_rotate_90.jpg",
        "/48/541.jpg"
    ]
}