{
    "id": 301,
    "question": "Each face of the polyhedron shown is either a triangle or a square. Each square borders 4 triangles, and each triangle borders 3 squares. The polyhedron has 6 squares. How many triangles does it have?\n<image1>",
    "options": "[]",
    "image": "images/301.jpg",
    "answer": "8",
    "solution": NaN,
    "level": 3,
    "subject": "solid geometry",
    "folder_id": "334",
    "image_path": [
        "/334/301_flip_vertically.jpg",
        "/334/301.jpg"
    ]
}