{
    "id": 180,
    "question": "A $3 \\times 3 \\times 3$ cube weighs 810 grams. If we drill three holes through it as shown, each of which is a $1 \\times 1 \\times 3$ rectangular parallelepiped, the weight of the remaining solid is:\n<image1>",
    "options": "['$540 \\\\mathrm{~g}$' '$570 \\\\mathrm{~g}$' '$600 \\\\mathrm{~g}$'\n '$630 \\\\mathrm{~g}$' '$660 \\\\mathrm{~g}$']",
    "image": "images/180.jpg",
    "answer": "C",
    "solution": NaN,
    "level": 3,
    "subject": "solid geometry",
    "folder_id": "322",
    "image_path": [
        "/322/180_flip_vertically.jpg",
        "/322/180.jpg"
    ]
}