{
    "id": 1432,
    "question": "The diagram consists of three circles of equal radius $R$. The centre of those circles lie on a common straight line where the middle circle goes through the centres of the other two circles (see diagram). How big is the perimeter of the figure?\n<image1>",
    "options": "['$\\\\frac{10 \\\\pi R}{3}$' '$\\\\frac{5 \\\\pi R}{3}$'\n '$\\\\frac{2 \\\\pi R \\\\sqrt{3}}{3}$' '$2 \\\\pi R \\\\sqrt{3}$' '$4 \\\\pi R$']",
    "image": "images/1432.jpg",
    "answer": "A",
    "solution": NaN,
    "level": 4,
    "subject": "metric geometry - length",
    "folder_id": "153",
    "image_path": [
        "/153/1432_rotate_90.jpg",
        "/153/1432.jpg"
    ]
}