{
    "id": 219,
    "question": "In the diagram to the right a $2 \\times 2 \\times 2$ cube is made up of four transparent $1 \\times 1 \\times 1$ cubes and four non-transparent black $1 \\times 1 \\times 1$ cubes. They are placed in a way so that the entire big cube is nontransparent; i.e. looking at it from the front to the back, the right to the left, the top to the bottom, at no point you can look through the cube. What is the minimum number of black $1 \\times 1 \\times 1$ cubes needed to make a $3 \\times 3 \\times 3$ cube non-transparent in the same way?\n<image1>",
    "options": "[]",
    "image": "images/219.jpg",
    "answer": "9",
    "solution": NaN,
    "level": 3,
    "subject": "solid geometry",
    "folder_id": "15",
    "image_path": [
        "/15/219_rotate_90.jpg",
        "/15/219.jpg"
    ]
}