{
    "id": 1918,
    "question": "A $5 \\times 5$ square is divided into 25 cells. Initially all its cells are white, as shown. Neighbouring cells are those that share a common edge. On each move two neighbouring cells have their colours changed to the opposite colour (white cells become black and black ones become white). <image1>\nWhat is the minimum number of moves required in order to obtain the chess-like colouring shown on the right?",
    "options": "[]",
    "image": "images/1918.jpg",
    "answer": "12",
    "solution": "Note that, for each black square that we wish to produce, there will need to be a move which makes it black. This move will not change the colour of any of the other squares which we wish to make black (since the desired black cells are not neighbouring). Since there are 12 such squares, we must necessarily make at least 12 moves.  ![](https://cdn.mathpix.com/cropped/2023_12_27_0f4ed2787981bb911326g-222.jpg?height=268&width=274&top_left_y=2176&top_left_x=1462)  However, we can show that 12 moves are sufficient. Consider a pair of black cells with a white cell between them. This colouring can be made in two moves as follows: Starting with WWW, change the colours of two adjacent cells to obtain $\\mathrm{BBW}$, then change the middle cell and the one on its right to obtain BWB. By pairing off the 12 black cells into 6 pairs as shown, it is possible to create 12 black cells in $6 \\times 2=12$ moves.",
    "level": 4,
    "subject": "combinatorics",
    "folder_id": "218",
    "image_path": [
        "/218/1918_rotate_90.jpg",
        "/218/1918.jpg"
    ]
}