{
    "id": 1902,
    "question": "The picture shows the same cube from two different views. It is built from 27 smaller cubes, some of which are grey and some white.\nWhat is the largest number of grey cubes there could be?\n<image1>",
    "options": "[]",
    "image": "images/1902.jpg",
    "answer": "9",
    "solution": "In the two diagrams we can see that the large cube has four white vertices and four grey vertices. Three of the grey vertices lie in the same face; they are in the right hand face of the top diagram, and in the left hand face of the bottom diagram. Hence the lower cube is the upper cube rotated $90^{\\circ}$ clockwise, as viewed from above. Out of the six cubes in the centres of the faces, we can see that three of them are white, so at most three of them could be grey. Out of the 12 cubes in the middle of the edges, we can see that the top face has no grey ones, the middle layer has no grey ones, and the bottom layer may have one grey cube.   ![](https://cdn.mathpix.com/cropped/2023_12_27_0f4ed2787981bb911326g-188.jpg?height=420&width=214&top_left_y=787&top_left_x=1635)    The largest number of grey cubes would therefore arise from four grey cubes at vertices, three in the centres of faces, one in the middle of an edge and the cube in the very centre of the large cube, making a total of nine in all.",
    "level": 2,
    "subject": "solid geometry",
    "folder_id": "217",
    "image_path": [
        "/217/1902_rotate_90.jpg",
        "/217/1902.jpg"
    ]
}