{
    "id": 1048,
    "question": "In the picture the large square has an area of 1. What is the area of the small black square?\n<image1>",
    "options": "['$\\\\frac{1}{100}$' '$\\\\frac{1}{300}$' '$\\\\frac{1}{600}$'\n '$\\\\frac{1}{900}$' '$\\\\frac{1}{1000}$']",
    "image": "images/1048.jpg",
    "answer": "D",
    "solution": NaN,
    "level": 5,
    "subject": "arithmetic",
    "folder_id": "103",
    "image_path": [
        "/103/1048_rotate_90.jpg",
        "/103/1048.jpg"
    ]
}