{
    "pid": 2697,
    "question": "How many triangles are in the picture?",
    "image": "images/2697.jpg",
    "choices": NaN,
    "unit": NaN,
    "precision": NaN,
    "question_type": "free_form",
    "answer_type": "integer",
    "metadata": "{'category': 'math-targeted-vqa', 'context': 'puzzle test', 'grade': 'elementary school', 'img_height': 487, 'img_width': 566, 'language': 'english', 'skills': array(['geometry reasoning', 'logical reasoning'], dtype=object), 'source': 'IQTest', 'split': 'test', 'task': 'figure question answering'}",
    "query": "Hint: Please answer the question requiring an integer answer and provide the final value, e.g., 1, 2, 3, at the end.\nQuestion: How many triangles are in the picture?",
    "answer": "6",
    "folder_id": "68",
    "image_path": [
        "/68/2697_rotate_90.jpg",
        "/68/2697.jpg"
    ]
}