{
    "id": 1117,
    "question": "On a pond 16 lilly pads are arranged in a $4 \\times 4$ grid as can be seen in the diagram. A frog sits on a lilly pad in one of the corners of the grid (see picture). The frog jumps from one lilly pad to another horizontally or vertically. In doing so he always jumps over at least one lilly pad. He never lands on the same lilly pad twice. What is the maximum number of lilly pads, including the one he is sitting on, on which he can land?\n<image1>",
    "options": "[]",
    "image": "images/1117.jpg",
    "answer": "16",
    "solution": NaN,
    "level": 3,
    "subject": "graph theory",
    "folder_id": "418",
    "image_path": [
        "/418/1117_flip_vertically.jpg",
        "/418/1117.jpg"
    ]
}