{
    "id": 1901,
    "question": "The picture shows seven points and the connections between them. What is the least number of connecting lines that could be added to the picture so that each of the seven points has the same number of connections with other points? (Connecting lines are allowed to cross each other.)\n<image1>",
    "options": "[]",
    "image": "images/1901.jpg",
    "answer": "9",
    "solution": "Let $n$ be the smallest number of connections that each point could have; then the total number of connections from all the points together would be 7n. Every connecting line has two ends, so contributes two to the number of connections coming from the points. Hence $7 n$ must be even, so $n$ must be even. One of the points has 3 connections already, so the smallest possible would be 4  ![](https://cdn.mathpix.com/cropped/2023_12_27_0f4ed2787981bb911326g-188.jpg?height=409&width=391&top_left_y=124&top_left_x=1455) connections from each point. The total number of connections would then be $7 \\times 4=28$, requiring 14 connecting lines. Subtracting the 5 already there, we would need to add 9 more. This can be achieved as shown in the diagram.",
    "level": 4,
    "subject": "graph theory",
    "folder_id": "216",
    "image_path": [
        "/216/1901_rotate_90.jpg",
        "/216/1901.jpg"
    ]
}