{
    "id": 2700,
    "question": "On a checkerboard composed of 64 unit squares, what is the probability that a randomly chosen unit square does  not   touch the outer edge of the board?\n<image1>",
    "options": "['$\\\\frac{1}{16}$' '$\\\\frac{7}{16}$' '$\\\\frac{1}{2}$' '$\\\\frac{9}{16}$'\n '$\\\\frac{49}{64}$']",
    "image": "images/2700.jpg",
    "answer": "D",
    "solution": NaN,
    "level": 5,
    "subject": "arithmetic",
    "folder_id": "282",
    "image_path": [
        "/282/2700_rotate_90.jpg",
        "/282/2700.jpg"
    ]
}