{
    "id": 1111,
    "question": "5 congruent rectangles are positioned in a square with side length 24 as shown in the diagram. How big is the area of one of these rectangles?\n<image1>",
    "options": "['$12 \\\\mathrm{~cm}^{2}$' '$16 \\\\mathrm{~cm}^{2}$'\n '$18 \\\\mathrm{~cm}^{2}$' '$24 \\\\mathrm{~cm}^{2}$'\n '$32 \\\\mathrm{~cm}^{2}$']",
    "image": "images/1111.jpg",
    "answer": "E",
    "solution": NaN,
    "level": 3,
    "subject": "metric geometry - area",
    "folder_id": "110",
    "image_path": [
        "/110/1111_rotate_90.jpg",
        "/110/1111.jpg"
    ]
}