{
    "pid": 5552,
    "question": "How many squares are in the picture?\r\n",
    "image": "images/5552.jpg",
    "choices": NaN,
    "unit": NaN,
    "precision": NaN,
    "question_type": "free_form",
    "answer_type": "integer",
    "metadata": "{'category': 'math-targeted-vqa', 'context': 'puzzle test', 'grade': 'elementary school', 'img_height': 482, 'img_width': 498, 'language': 'english', 'skills': array(['logical reasoning'], dtype=object), 'source': 'IQTest', 'split': 'test', 'task': 'figure question answering'}",
    "query": "Hint: Please answer the question requiring an integer answer and provide the final value, e.g., 1, 2, 3, at the end.\nQuestion: How many squares are in the picture?",
    "answer": "7",
    "folder_id": "375",
    "image_path": [
        "/375/5552_flip_vertically.jpg",
        "/375/5552.jpg"
    ]
}