{
    "id": 1225,
    "question": "Sonja builds the cube shown, out of equally sized bricks. The shortest side of one brick is $4 \\mathrm{~cm}$ long. What dimensions in $\\mathrm{cm}$ does one brick have?\n<image1>",
    "options": "['$4 \\\\times 6 \\\\times 12$' '$4 \\\\times 6 \\\\times 16$'\n '$4 \\\\times 8 \\\\times 12$' '$4 \\\\times 8 \\\\times 16$'\n '$4 \\\\times 12 \\\\times 16$']",
    "image": "images/1225.jpg",
    "answer": "C",
    "solution": NaN,
    "level": 4,
    "subject": "solid geometry",
    "folder_id": "427",
    "image_path": [
        "/427/1225_flip_vertically.jpg",
        "/427/1225.jpg"
    ]
}