{
    "pid": 4325,
    "question": "How many squares are in this picture?",
    "image": "images/4325.jpg",
    "choices": NaN,
    "unit": NaN,
    "precision": NaN,
    "question_type": "free_form",
    "answer_type": "integer",
    "metadata": "{'category': 'math-targeted-vqa', 'context': 'puzzle test', 'grade': 'elementary school', 'img_height': 269, 'img_width': 282, 'language': 'english', 'skills': array(['logical reasoning'], dtype=object), 'source': 'IQTest', 'split': 'test', 'task': 'figure question answering'}",
    "query": "Hint: Please answer the question requiring an integer answer and provide the final value, e.g., 1, 2, 3, at the end.\nQuestion: How many squares are in this picture?",
    "answer": "36",
    "folder_id": "134",
    "image_path": [
        "/134/4325_rotate_90.jpg",
        "/134/4325.jpg"
    ]
}