{
    "pid": 5198,
    "question": "Subtract all big matte cylinders. Subtract all large yellow matte objects. How many objects are left?",
    "image": "images/5198.jpg",
    "choices": NaN,
    "unit": NaN,
    "precision": NaN,
    "question_type": "free_form",
    "answer_type": "integer",
    "metadata": "{'category': 'math-targeted-vqa', 'context': 'synthetic scene', 'grade': 'elementary school', 'img_height': 240, 'img_width': 320, 'language': 'english', 'skills': array(['arithmetic reasoning'], dtype=object), 'source': 'CLEVR-Math', 'split': 'test', 'task': 'math word problem'}",
    "query": "Hint: Please answer the question requiring an integer answer and provide the final value, e.g., 1, 2, 3, at the end.\nQuestion: Subtract all big matte cylinders. Subtract all large yellow matte objects. How many objects are left?",
    "answer": "6",
    "folder_id": "363",
    "image_path": [
        "/363/5198_flip_vertically.jpg",
        "/363/5198.jpg"
    ]
}