{
    "id": 252,
    "question": "Renate wants to glue together a number of ordinary dice (whose number of points on opposite sides always adds up to 7) to form a \"dicebar\" as shown. Doing this she only wants to glue sides together with an equal number of points. She wants to make sure that the sum of all points on the non-glued sides equals 2012. How many dice does she have to glue together?\n<image1>",
    "options": "['70' '71' '142' '143'\n 'It is impossible to obtain exactly 2012 points on the non-glued together sides.']",
    "image": "images/252.jpg",
    "answer": "E",
    "solution": NaN,
    "level": 1,
    "subject": "arithmetic",
    "folder_id": "329",
    "image_path": [
        "/329/252_flip_vertically.jpg",
        "/329/252.jpg"
    ]
}