{
    "id": 2591,
    "question": "What fraction of this square region is shaded?  Stripes are equal in width, and the figure is drawn to scale.\n\n<image1>",
    "options": "['$\\\\frac{5}{12}$' '$\\\\frac{1}{2}$' '$\\\\frac{7}{12}$' '$\\\\frac{2}{3}$'\n '$\\\\frac{5}{6}$']",
    "image": "images/2591.jpg",
    "answer": "C",
    "solution": NaN,
    "level": 3,
    "subject": "metric geometry - area",
    "folder_id": "268",
    "image_path": [
        "/268/2591_rotate_90.jpg",
        "/268/2591.jpg"
    ]
}