{
    "id": 2218,
    "question": "In the figure below, $N$ congruent semicircles lie on the diameter of a large semicircle, with their diameters covering the diameter of the large semicircle with no overlap. Let $A$ be the combined area of the small semicircles and $B$ be the area of the region inside the large semicircle but outside the semicircles. The ratio $A:B$ is $1:18$. What is $N$?\n<image1>",
    "options": "[]",
    "image": "images/2218.jpg",
    "answer": "19",
    "solution": NaN,
    "level": 4,
    "subject": "metric geometry - area",
    "folder_id": "249",
    "image_path": [
        "/249/2218_rotate_90.jpg",
        "/249/2218.jpg"
    ]
}