{
    "id": 1934,
    "question": "An annulus is a shape made from two concentric circles. The diagram shows an annulus consisting of two concentric circles of radii 2 and 9. Inside this annulus two circles are drawn without overlapping, each being tangent to both of the concentric circles that make the annulus. In a different annulus made by concentric circles of radii 1 and 9 , what would be the largest possible number of non-overlapping circles that could be drawn in this way?\n<image1>",
    "options": "[]",
    "image": "images/1934.jpg",
    "answer": "3",
    "solution": "The diameter of the non-overlapping circles is the difference between the radius of the large circle and the radius of the small circle, namely $9-1=8$. Thus the radius of each circle is $4 \\mathrm{~cm}$, and the centre of each circle is $1+4=5 \\mathrm{~cm}$ from the centre of the inner circle. The closest the circles could be is when they are touching. The diagram shows two of these circles and the inner circle of radius $1 \\mathrm{~cm}$. We need to establish the size of angle $C A B$. Since $5^{2}+5^{2}<8^{2}$, we deduce that $\\angle C A B>90^{\\circ}$, and hence it is not possible to fit 4 circles in the annulus.  ![](https://cdn.mathpix.com/cropped/2023_12_27_0f4ed2787981bb911326g-253.jpg?height=520&width=551&top_left_y=2090&top_left_x=1278)  We can also show that $\\angle C A B<120^{\\circ}$. For if $\\angle C A B=120^{\\circ}$, then $\\angle C A D=60^{\\circ}$ and $A D=2 \\frac{1}{2}$.  But $A D=\\sqrt{5^{2}-4^{2}}=3$, so $\\angle C A D<60^{\\circ}$ and $\\angle C A B<120^{\\circ}$. Hence three circles can fit in the annulus, and that is the maximum.",
    "level": 3,
    "subject": "combinatorial geometry",
    "folder_id": "219",
    "image_path": [
        "/219/1934_rotate_90.jpg",
        "/219/1934.jpg"
    ]
}