{
    "id": 1631,
    "question": "Three equilateral triangles are cut from the corners of a large equilateral triangle to form an irregular hexagon, as shown in the diagram.\nThe perimeter of the large equilateral triangle is $60 \\mathrm{~cm}$. The perimeter of the irregular hexagon is $40 \\mathrm{~cm}$. What is the sum of the perimeters of the triangles that were cut from the large triangle?\n<image1>",
    "options": "['$60 \\\\mathrm{~cm}$' '$66 \\\\mathrm{~cm}$' '$72 \\\\mathrm{~cm}$'\n '$75 \\\\mathrm{~cm}$' '$81 \\\\mathrm{~cm}$']",
    "image": "images/1631.jpg",
    "answer": "A",
    "solution": "Let the lengths of the sides of the equilateral triangles that are cut off be $x \\mathrm{~cm}, y \\mathrm{~cm}$ and $z \\mathrm{~cm}$, as shown in the diagram. The length of a side of the large equilateral triangle is $\\frac{1}{3} \\times 60 \\mathrm{~cm}=20 \\mathrm{~cm}$. The perimeter of the irregular hexagon is $40 \\mathrm{~cm}$. Therefore we have $40=x+(20-x-y)+y+(20-y-z)+z+(20-z-x)$. Hence $40=60-(x+y+z)$ and therefore $x+y+z=20$. Therefore the sum of the perimeters of the triangles cut off is $(3 x+3 y+3 z) \\mathrm{cm}=60 \\mathrm{~cm}$.  ![](https://cdn.mathpix.com/cropped/2023_12_27_0f4ed2787981bb911326g-211.jpg?height=266&width=308&top_left_y=2243&top_left_x=1545)",
    "level": 2,
    "subject": "metric geometry - length",
    "folder_id": "179",
    "image_path": [
        "/179/1631_rotate_90.jpg",
        "/179/1631.jpg"
    ]
}