{
    "id": 1482,
    "question": "A hemispheric hole is carved into each face of a wooden cube with sides of length 2. All holes are equally sized, and their midpoints are in the centre of the faces of the cube. The holes are as big as possible so that each hemisphere touches each adjacent hemisphere in exactly one point. How big is the diameter of the holes?\n<image1>",
    "options": "['1' '2' '$\\\\sqrt{2}$' '$\\\\frac{3}{2}$' '$\\\\sqrt{\\\\frac{3}{2}}$']",
    "image": "images/1482.jpg",
    "answer": "C",
    "solution": NaN,
    "level": 2,
    "subject": "solid geometry",
    "folder_id": "467",
    "image_path": [
        "/467/1482_flip_vertically.jpg",
        "/467/1482.jpg"
    ]
}