{
    "id": 2497,
    "question": "Five rectangles, $A$, $B$, $C$, $D$, and $E$, are arranged in a square as shown below. These rectangles have dimensions $1\\times6$, $2\\times4$, $5\\times6$, $2\\times7$, and $2\\times3$, respectively. (The figure is not drawn to scale.) Which of the five rectangles is the shaded one in the middle?\n<image1>",
    "options": "['A' 'B' 'C' 'D' 'E']",
    "image": "images/2497.jpg",
    "answer": "B",
    "solution": NaN,
    "level": 5,
    "subject": "combinatorial geometry",
    "folder_id": "260",
    "image_path": [
        "/260/2497_rotate_90.jpg",
        "/260/2497.jpg"
    ]
}