{
    "id": 1979,
    "question": "The cube shown has sides of length 2 units. Holes in the shape of a hemisphere are carved into each face of the cube. The six hemispheres are identical and their centres are at the centres of the faces of the cube. The holes are just large enough to touch the hole on each neighbouring face. What is the diameter of each hole? <image1>",
    "options": "['1' '$\\\\sqrt{2}$' '$2-\\\\sqrt{2}$' '$3-\\\\sqrt{2}$' '$3-\\\\sqrt{3}$']",
    "image": "images/1979.jpg",
    "answer": "B",
    "solution": "Let $P$ and $Q$ be the centres of two adjacent hemispheres. The faces on which these hemispheres are carved meet at an edge. Let $M$ be the midpoint of that edge. Then $M P=M Q=1$. Also $M P Q$ is a right-angled triangle since the two faces are perpendicular. By Pythagoras, $M P^{2}+M Q^{2}=P Q^{2}$, so $P Q^{2}=1+1=2$. Hence $P Q=\\sqrt{2}$, and $P Q$ is equal to the sum of two radii, so is the same  ![](https://cdn.mathpix.com/cropped/2023_12_27_0f4ed2787981bb911326g-366.jpg?height=319&width=420&top_left_y=820&top_left_x=1452) as the diameter of the hemispheres.",
    "level": 2,
    "subject": "solid geometry",
    "folder_id": "528",
    "image_path": [
        "/528/1979_flip_vertically.jpg",
        "/528/1979.jpg"
    ]
}