{
    "id": 1789,
    "question": "A square piece of paper of area $64 \\mathrm{~cm}^{2}$ is folded twice, as shown in the diagram. What is the sum of the areas of the two shaded rectangles?\n<image1>",
    "options": "['$10 \\\\mathrm{~cm}^{2}$' '$14 \\\\mathrm{~cm}^{2}$'\n '$15 \\\\mathrm{~cm}^{2}$' '$16 \\\\mathrm{~cm}^{2}$'\n '$24 \\\\mathrm{~cm}^{2}$']",
    "image": "images/1789.jpg",
    "answer": "D",
    "solution": "Consider the square divided up into 16 congruent smaller squares, as shown. Since the original square has area $64 \\mathrm{~cm}^{2}$, each of the smaller squares has area $4 \\mathrm{~cm}^{2}$. When the square is folded twice in the manner shown, it can be seen that each of the shaded rectangles is made up of two small squares. ![](https://cdn.mathpix.com/cropped/2023_12_27_23f752c0584f83753c92g-12.jpg?height=276&width=712&top_left_y=718&top_left_x=1161) Therefore the sum of the areas of the two shaded rectangles is $2 \\times 2 \\times 4 \\mathrm{~cm}^{2}=16 \\mathrm{~cm}^{2}$.",
    "level": 1,
    "subject": "transformation geometry",
    "folder_id": "195",
    "image_path": [
        "/195/1789_rotate_90.jpg",
        "/195/1789.jpg"
    ]
}