{
    "id": 557,
    "question": "Hannes has a game board with 11 spaces. He places one coin each on eight spaces that lie next to each other. He can choose on which space to place his first coin. No matter where Hannes starts some spaces will definitely be filled. How many spaces will definitely be filled?\n<image1>",
    "options": "[]",
    "image": "images/557.jpg",
    "answer": "5",
    "solution": NaN,
    "level": 2,
    "subject": "combinatorial geometry",
    "folder_id": "363",
    "image_path": [
        "/363/557_flip_vertically.jpg",
        "/363/557.jpg"
    ]
}