{
    "id": 1308,
    "question": "Two circles have their centres on the same diagonal of a square. They touch each other and the sides of the square as shown. The side of the square is $1 \\mathrm{~cm}$ long. What is the sum of the lengths of the radii of the circles in centimetres?\n<image1>",
    "options": "['$\\\\frac{1}{2}$' '$\\\\frac{1}{\\\\sqrt{2}}$' '$\\\\sqrt{2}-1$' '$2-\\\\sqrt{2}$'\n 'It depends on sizes of the circles']",
    "image": "images/1308.jpg",
    "answer": "D",
    "solution": NaN,
    "level": 4,
    "subject": "metric geometry - length",
    "folder_id": "441",
    "image_path": [
        "/441/1308_flip_vertically.jpg",
        "/441/1308.jpg"
    ]
}