{
    "id": 2443,
    "question": "Eight congruent equilateral triangles, each of a different color, are used to construct a regular octahedron. How many distinguishable ways are there to construct the octahedron? (Two colored octahedrons are distinguishable if neither can be rotated to look just like the other.)\n<image1>",
    "options": "[]",
    "image": "images/2443.jpg",
    "answer": "1680",
    "solution": NaN,
    "level": 3,
    "subject": "solid geometry",
    "folder_id": "258",
    "image_path": [
        "/258/2443_rotate_90.jpg",
        "/258/2443.jpg"
    ]
}