{
    "id": 398,
    "question": "Chris constructed the brick on the picture using red and blue cubes of the same size. The outside of the brick is completely red, but all cubes used inside are blue. How many blue cubes did Chris use?\n<image1>",
    "options": "[]",
    "image": "images/398.jpg",
    "answer": "12",
    "solution": NaN,
    "level": 5,
    "subject": "solid geometry",
    "folder_id": "344",
    "image_path": [
        "/344/398_flip_vertically.jpg",
        "/344/398.jpg"
    ]
}