{
    "id": 1819,
    "question": "In the diagram there are 7 squares. What is the difference between the number of triangles and the number of squares in the diagram? <image1>",
    "options": "[]",
    "image": "images/1819.jpg",
    "answer": "3",
    "solution": "There are 4 triangles with base one, 3 triangles with base two, 2 triangles with base three and 1 triangle with base four, giving a total of 10 triangles. The difference between the number of triangles and the number of squares is then $10-7=3$.",
    "level": 3,
    "subject": "combinatorial geometry",
    "folder_id": "198",
    "image_path": [
        "/198/1819_rotate_90.jpg",
        "/198/1819.jpg"
    ]
}