{
    "id": 1178,
    "question": "A $3 \\times 3 \\times 3$ cube is made up of small $1 \\times 1 \\times 1$ cubes. Then the middle cubes from front to back, from top to bottom and from right to left are removed (see diagram). How many $1 \\times 1 \\times 1$ - cubes remain?\n<image1>",
    "options": "[]",
    "image": "images/1178.jpg",
    "answer": "20",
    "solution": NaN,
    "level": 4,
    "subject": "solid geometry",
    "folder_id": "425",
    "image_path": [
        "/425/1178_flip_vertically.jpg",
        "/425/1178.jpg"
    ]
}