{
    "id": 1440,
    "question": "Martinho made a bicolor kite with six pieces of a thin strip of bamboo. Two pieces were used for the diagonals, which are perpendicular. The other four pieces were used to connect the middle points on the sides of the kite, as shown in the picture. What is the ratio between the blue and yellow parts of the kite?\n<image1>",
    "options": "[]",
    "image": "images/1440.jpg",
    "answer": "1",
    "solution": NaN,
    "level": 4,
    "subject": "metric geometry - area",
    "folder_id": "156",
    "image_path": [
        "/156/1440_rotate_90.jpg",
        "/156/1440.jpg"
    ]
}