{
    "id": 2244,
    "question": "A rectangle is partitioned into 5 regions as shown. Each region is to be painted a solid color - red, orange, yellow, blue, or green - so that regions that touch are painted different colors, and colors can be used more than once. How many different colorings are possible?\n<image1>",
    "options": "[]",
    "image": "images/2244.jpg",
    "answer": "540",
    "solution": NaN,
    "level": 4,
    "subject": "combinatorics",
    "folder_id": "546",
    "image_path": [
        "/546/2244_flip_vertically.jpg",
        "/546/2244.jpg"
    ]
}