{
    "id": 1859,
    "question": "Six points are marked on a sheet of squared paper as shown. Which of the following shapes cannot be made by connecting some of these points using straight lines? <image1>",
    "options": "['parallelogram' 'trapezium' 'right-angled triangle'\n 'obtuse-angled triangle'\n 'all the shapes $\\\\mathrm{A}-\\\\mathrm{D}$ can be made']",
    "image": "images/1859.jpg",
    "answer": "E",
    "solution": "The shape $R S U V$ is a parallelogram; $R S T U$ is a trapezium; $R S U$ is a right-angled triangle; $R S V$ is an obstuse-angled triangle.  Therefore all the shapes can be made.  ![](https://cdn.mathpix.com/cropped/2023_12_27_0f4ed2787981bb911326g-121.jpg?height=328&width=357&top_left_y=1315&top_left_x=1478)",
    "level": 3,
    "subject": "combinatorial geometry",
    "folder_id": "209",
    "image_path": [
        "/209/1859_rotate_90.jpg",
        "/209/1859.jpg"
    ]
}