{
    "id": 1096,
    "question": "Melanie has a square piece of paper with a $4 \\times 4$ grid drawn on it. She cuts along the gridlines and cuts several shapes out which all look either the same as the one pictured, or the same as its mirror image. How many squares are left over if she cuts out as many shapes as possible?\n<image1>",
    "options": "[]",
    "image": "images/1096.jpg",
    "answer": "4",
    "solution": NaN,
    "level": 4,
    "subject": "combinatorial geometry",
    "folder_id": "414",
    "image_path": [
        "/414/1096_flip_vertically.jpg",
        "/414/1096.jpg"
    ]
}