{
    "id": 2629,
    "question": "A square piece of paper, 4 inches on a side, is folded in half vertically. Both layers are then cut in half parallel to the fold. Three new rectangles are formed, a large one and two small ones. What is the ratio of the perimeter of one of the small rectangles to the perimeter of the large rectangle?\n<image1>",
    "options": "['$\\\\frac{1}{3}$' '$\\\\frac{1}{2}$' '$\\\\frac{3}{4}$' '$\\\\frac{4}{5}$'\n '$\\\\frac{5}{6}$']",
    "image": "images/2629.jpg",
    "answer": "E",
    "solution": NaN,
    "level": 3,
    "subject": "transformation geometry",
    "folder_id": "275",
    "image_path": [
        "/275/2629_rotate_90.jpg",
        "/275/2629.jpg"
    ]
}