{
    "id": 1633,
    "question": "Seven standard dice are glued together to make the solid shown. The pairs of faces of the dice that are glued together have the same number of dots on them. How many dots are on the surface of the solid? <image1>",
    "options": "[]",
    "image": "images/1633.jpg",
    "answer": "105",
    "solution": "A standard die has a total of 21 dots on its faces. The faces that are glued together have the same number of dots. Since the die in the centre of the solid has all its faces glued to other dice, the sum of the dots that are not on the surface of the solid is $2 \\times 21$. Therefore, the number of dots on the surface of the solid is $7 \\times 21-2 \\times 21=5 \\times 21=105$.",
    "level": 4,
    "subject": "solid geometry",
    "folder_id": "180",
    "image_path": [
        "/180/1633_rotate_90.jpg",
        "/180/1633.jpg"
    ]
}