{
    "id": 49,
    "question": "Every one of these six building blocks consists of 5 little cubes. The little cubes are either white or grey. Cubes of equal colour don't touch each other. How many little white cubes are there in total?\n<image1>",
    "options": "[]",
    "image": "images/49.jpg",
    "answer": "12",
    "solution": NaN,
    "level": 1,
    "subject": "solid geometry",
    "folder_id": "314",
    "image_path": [
        "/314/49_flip_vertically.jpg",
        "/314/49.jpg"
    ]
}