{
    "pid": 3322,
    "question": "Subtract all small blue cylinders. Subtract all yellow rubber balls. How many objects are left?",
    "image": "images/3322.jpg",
    "choices": NaN,
    "unit": NaN,
    "precision": NaN,
    "question_type": "free_form",
    "answer_type": "integer",
    "metadata": "{'category': 'math-targeted-vqa', 'context': 'synthetic scene', 'grade': 'elementary school', 'img_height': 240, 'img_width': 320, 'language': 'english', 'skills': array(['arithmetic reasoning'], dtype=object), 'source': 'CLEVR-Math', 'split': 'test', 'task': 'math word problem'}",
    "query": "Hint: Please answer the question requiring an integer answer and provide the final value, e.g., 1, 2, 3, at the end.\nQuestion: Subtract all small blue cylinders. Subtract all yellow rubber balls. How many objects are left?",
    "answer": "2",
    "folder_id": "97",
    "image_path": [
        "/97/3322_rotate_90.jpg",
        "/97/3322.jpg"
    ]
}