{
    "id": 2092,
    "question": "The area of the smallest equilateral triangle with one vertex on each of the sides of the right triangle with side lengths $2\\sqrt{3}$, $5$, and $\\sqrt{37}$, as shown, is $\\frac{m\\sqrt{p}}{n}$, where $m$, $n$, and $p$ are positive integers, $m$ and $n$ are relatively prime, and $p$ is not divisible by the square of any prime. Find $m+n+p$.\n<image1>",
    "options": "[]",
    "image": "images/2092.jpg",
    "answer": "145",
    "solution": NaN,
    "level": 5,
    "subject": "metric geometry - area",
    "folder_id": "538",
    "image_path": [
        "/538/2092_flip_vertically.jpg",
        "/538/2092.jpg"
    ]
}