{
    "id": 1532,
    "question": "Let $a$ and $b$ be the lengths of the two shorter sides of the right-angled triangle shown in the diagram. The longest side, $D$, is the diameter of the large circle and $d$ is the diameter of the small circle, which touches all three sides of the triangle.\nWhich one of the following expressions is equal to $D+d$ ? <image1>",
    "options": "['$(a+b)$' '$2(a+b)$' '$\\\\frac{1}{2}(a+b)$' '$\\\\sqrt{a b}$'\n '$\\\\sqrt{a^{2}+b^{2}}$']",
    "image": "images/1532.jpg",
    "answer": "A",
    "solution": "The two tangents drawn from a point to a circle are equal in length, so we can mark the lengths of the tangents $r, s$ and $t$ on the diagram. Since the triangle is right-angled, and a tangent is perpendicular to the radius, through the point of contact, the small quadrilateral is a square, with all sides equal to $r$. Now $d=2 r$, so we have $D+d= (s+t)+2 r=(r+t)+(r+s)=a+b$.  ![](https://cdn.mathpix.com/cropped/2023_12_27_0f4ed2787981bb911326g-039.jpg?height=365&width=623&top_left_y=1779&top_left_x=1179)",
    "level": 2,
    "subject": "metric geometry - length",
    "folder_id": "167",
    "image_path": [
        "/167/1532_rotate_90.jpg",
        "/167/1532.jpg"
    ]
}