{
    "id": 1782,
    "question": "Both of the shapes shown in the diagram are formed from the same five pieces, a $5 \\mathrm{~cm}$ by $10 \\mathrm{~cm}$ rectangle, two large quarter circles and two small quarter circles. What is the difference in $\\mathrm{cm}$ between their perimeters? <image1>",
    "options": "[]",
    "image": "images/1782.jpg",
    "answer": "20",
    "solution": "Both shapes have two large quarter circles and two small quarter circles in their perimeters. Additionally, the first shape has two edges of length $10 \\mathrm{~cm}$ and two edges of length $5 \\mathrm{~cm}$ in its perimeter, whereas the second shape has only one edge of length $10 \\mathrm{~cm}$ in its perimeter. Therefore the difference, in $\\mathrm{cm}$, between their perimeters is $10+5+5=20$.",
    "level": 2,
    "subject": "combinatorial geometry",
    "folder_id": "194",
    "image_path": [
        "/194/1782_rotate_90.jpg",
        "/194/1782.jpg"
    ]
}