{
    "id": 1627,
    "question": "The triangle in the diagram contains a right angle. What is the sum of the other two marked angles on the diagram? <image1>",
    "options": "['$150^{\\\\circ}$' '$180^{\\\\circ}$' '$270^{\\\\circ}$' '$320^{\\\\circ}$'\n '$360^{\\\\circ}$']",
    "image": "images/1627.jpg",
    "answer": "C",
    "solution": "Since angles in a triangle add to $180^{\\circ}$ and one angle is given as $90^{\\circ}$, the two blank angles in the triangle add to $90^{\\circ}$. Since angles on a straight line add to $180^{\\circ}$, the sum of the two marked angles and the two blank angles in the triangle is $2 \\times 180^{\\circ}=360^{\\circ}$. Therefore the sum of the two marked angles is $360^{\\circ}-90^{\\circ}=270^{\\circ}$.",
    "level": 5,
    "subject": "metric geometry - angle",
    "folder_id": "178",
    "image_path": [
        "/178/1627_rotate_90.jpg",
        "/178/1627.jpg"
    ]
}