{
    "id": 304,
    "question": "We look at a regular tetrahedron with volume 1. Its four vertices are cut off by planes that go through the midpoints of the respective edges (see diagram). How big is the volume of the remaining solid?\n<image1>",
    "options": "['$\\\\frac{4}{5}$' '$\\\\frac{3}{4}$' '$\\\\frac{2}{3}$' '$\\\\frac{1}{2}$'\n '$\\\\frac{1}{3}$']",
    "image": "images/304.jpg",
    "answer": "D",
    "solution": NaN,
    "level": 3,
    "subject": "solid geometry",
    "folder_id": "335",
    "image_path": [
        "/335/304_flip_vertically.jpg",
        "/335/304.jpg"
    ]
}