{
    "id": 1059,
    "question": "A cube is cut in three directions as shown, to produce eight cuboids (each cut is parallel to one of the faces of the cube). What is the ratio of the total surface area of the eight cuboids to the surface area of the original cube?\n<image1>",
    "options": "['1:1' '4:3' '3:2' '2:1' '4:1']",
    "image": "images/1059.jpg",
    "answer": "D",
    "solution": NaN,
    "level": 4,
    "subject": "solid geometry",
    "folder_id": "409",
    "image_path": [
        "/409/1059_flip_vertically.jpg",
        "/409/1059.jpg"
    ]
}