{
    "pid": 5874,
    "question": "How many linking cubes are there?",
    "image": "images/5874.jpg",
    "choices": NaN,
    "unit": NaN,
    "precision": NaN,
    "question_type": "free_form",
    "answer_type": "integer",
    "metadata": "{'category': 'math-targeted-vqa', 'context': 'abstract scene', 'grade': 'elementary school', 'img_height': 220, 'img_width': 721, 'language': 'english', 'skills': array(['arithmetic reasoning'], dtype=object), 'source': 'IconQA', 'split': 'test', 'task': 'math word problem'}",
    "query": "Hint: Please answer the question requiring an integer answer and provide the final value, e.g., 1, 2, 3, at the end.\nQuestion: How many linking cubes are there?",
    "answer": "21",
    "folder_id": "200",
    "image_path": [
        "/200/5874_rotate_90.jpg",
        "/200/5874.jpg"
    ]
}