{
    "id": 1826,
    "question": "The flag shown in the diagram consists of three stripes, each of equal height, which are divided into two, three and four equal parts, respectively. What fraction of the area of the flag is shaded? <image1>",
    "options": "['$\\\\frac{1}{2}$' '$\\\\frac{2}{3}$' '$\\\\frac{3}{5}$' '$\\\\frac{4}{7}$'\n '$\\\\frac{5}{9}$']",
    "image": "images/1826.jpg",
    "answer": "D",
    "solution": NaN,
    "level": 4,
    "subject": "arithmetic",
    "folder_id": "502",
    "image_path": [
        "/502/1826_flip_vertically.jpg",
        "/502/1826.jpg"
    ]
}