{
    "id": 1164,
    "question": "Two circles are inscribed into an $11 \\mathrm{~cm}$ long and $7 \\mathrm{~cm}$ wide rectangle so that they each touch three sides of the rectangle. How big is the distance between the centres of the two circles?\n<image1>",
    "options": "['$1 \\\\mathrm{~cm}$' '$2 \\\\mathrm{~cm}$' '$3 \\\\mathrm{~cm}$'\n '$4 \\\\mathrm{~cm}$' '$5 \\\\mathrm{~cm}$']",
    "image": "images/1164.jpg",
    "answer": "D",
    "solution": NaN,
    "level": 2,
    "subject": "metric geometry - length",
    "folder_id": "116",
    "image_path": [
        "/116/1164_rotate_90.jpg",
        "/116/1164.jpg"
    ]
}