{
    "id": 1891,
    "question": "The diagram shows a shape made from six squares, each measuring $1 \\mathrm{~cm}$ by $1 \\mathrm{~cm}$. The shape has perimeter of length $14 \\mathrm{~cm}$. The zigzag shape is then continued until it has 2013 squares. What is the length, in $\\mathrm{cm}$, of the perimeter of the new shape? <image1>",
    "options": "[]",
    "image": "images/1891.jpg",
    "answer": "4028",
    "solution": "The two squares at either end of the shape contribute $3 \\mathrm{~cm}$ towards the total perimeter of the zigzag. Each of the other 2011 squares contribute $2 \\mathrm{~cm}$ towards the perimeter of the overall shape. Thus the perimeter of the zigzag is  $2 \\times 3+2011 \\times 2=4028 \\mathrm{~cm}$.",
    "level": 3,
    "subject": "combinatorial geometry",
    "folder_id": "517",
    "image_path": [
        "/517/1891_flip_vertically.jpg",
        "/517/1891.jpg"
    ]
}