{
    "pid": 3031,
    "question": "Subtract all large purple matte cylinders. Subtract all big green rubber things. How many objects are left?",
    "image": "images/3031.jpg",
    "choices": NaN,
    "unit": NaN,
    "precision": NaN,
    "question_type": "free_form",
    "answer_type": "integer",
    "metadata": "{'category': 'math-targeted-vqa', 'context': 'synthetic scene', 'grade': 'elementary school', 'img_height': 240, 'img_width': 320, 'language': 'english', 'skills': array(['arithmetic reasoning'], dtype=object), 'source': 'CLEVR-Math', 'split': 'test', 'task': 'math word problem'}",
    "query": "Hint: Please answer the question requiring an integer answer and provide the final value, e.g., 1, 2, 3, at the end.\nQuestion: Subtract all large purple matte cylinders. Subtract all big green rubber things. How many objects are left?",
    "answer": "2",
    "folder_id": "282",
    "image_path": [
        "/282/3031_flip_vertically.jpg",
        "/282/3031.jpg"
    ]
}