{
    "id": 981,
    "question": "Anna has five discs of different sizes. She wants to use 4 of them to build a tower. <image1> She always has to place a smaller one on top of a bigger one. How many ways are there for Anna to build the tower?",
    "options": "[]",
    "image": "images/981.jpg",
    "answer": "5",
    "solution": NaN,
    "level": 3,
    "subject": "combinatorics",
    "folder_id": "397",
    "image_path": [
        "/397/981_flip_vertically.jpg",
        "/397/981.jpg"
    ]
}