{
    "id": 1068,
    "question": "In the figure we see semicircles with radii $2 \\mathrm{~cm}, 4 \\mathrm{~cm}$ or $8 \\mathrm{~cm}$. What fraction of the area is grey?\n<image1>",
    "options": "['$\\\\frac{1}{3}$' '$\\\\frac{1}{4}$' '$\\\\frac{1}{5}$' '$\\\\frac{3}{4}$'\n '$\\\\frac{2}{3}$']",
    "image": "images/1068.jpg",
    "answer": "B",
    "solution": NaN,
    "level": 3,
    "subject": "metric geometry - area",
    "folder_id": "411",
    "image_path": [
        "/411/1068_flip_vertically.jpg",
        "/411/1068.jpg"
    ]
}