{
    "id": 1944,
    "question": "A square has two of its vertices on a semicircle and the other two on the diameter of the semicircle as shown. The radius of the circle is 1 . What is the area of the square? <image1>",
    "options": "['$\\\\frac{4}{5}$' '$\\\\frac{\\\\pi}{4}$' '1' '$\\\\frac{4}{3}$'\n '$\\\\frac{2}{\\\\sqrt{3}}$']",
    "image": "images/1944.jpg",
    "answer": "A",
    "solution": "Let $O$ be the centre of the circle, and $P, Q, P^{\\prime}$ and $Q^{\\prime}$ the vertices of the square. The triangles $O P Q$ and $O P^{\\prime} Q^{\\prime}$ are congruent since they are right-angled and have two equal sides $\\left(P Q=P^{\\prime} Q^{\\prime}\\right.$ since they are edges of a square, and $O P=O P^{\\prime}$ because each is a radius). Hence $O Q=O Q^{\\prime}$, and $O$ is thus the midpoint of the edge of the square.  ![](https://cdn.mathpix.com/cropped/2023_12_27_0f4ed2787981bb911326g-268.jpg?height=302&width=443&top_left_y=109&top_left_x=1526)  Let the side of the square be $2 x$. And $O P=1$ since it is a radius. And by Pythagoras' Theorem on triangle $O P Q$ we have $(2 x)^{2}+x^{2}=1^{2}$, so $4 x^{2}+x^{2}=1$, and $5 x^{2}=1$. This gives $x^{2}=\\frac{1}{5}$. The area of the square is $(2 x)^{2}=4 x^{2}=4 \\times \\frac{1}{5}=\\frac{4}{5}$.  ![](https://cdn.mathpix.com/cropped/2023_12_27_0f4ed2787981bb911326g-268.jpg?height=300&width=443&top_left_y=478&top_left_x=1526)",
    "level": 4,
    "subject": "metric geometry - area",
    "folder_id": "221",
    "image_path": [
        "/221/1944_rotate_90.jpg",
        "/221/1944.jpg"
    ]
}