{
    "id": 2378,
    "question": "A square is cut into three rectangles along two lines parallel to a side, as shown. If the perimeter of each of the three rectangles is 24, then the area of the original square is\n\n<image1>",
    "options": "[]",
    "image": "images/2378.jpg",
    "answer": "81",
    "solution": NaN,
    "level": 5,
    "subject": "transformation geometry",
    "folder_id": "257",
    "image_path": [
        "/257/2378_rotate_90.jpg",
        "/257/2378.jpg"
    ]
}