{
    "id": 363,
    "question": "On a circle 15 points are equally spaced. We can form triangles by joining any 3 of these. Congruent triangles, by rotation or reflection, are counted as only one triangle. How many different triangles can be drawn?\n<image1>",
    "options": "[]",
    "image": "images/363.jpg",
    "answer": "19",
    "solution": NaN,
    "level": 5,
    "subject": "combinatorics",
    "folder_id": "31",
    "image_path": [
        "/31/363_rotate_90.jpg",
        "/31/363.jpg"
    ]
}