{
    "id": 277,
    "question": "The diagram shows three concentric circles and two perpendicular, common diameters of the three circles. The three grey sections are of equal area, the small circle has radius 1. What is the product of the radii of the three circles?\n<image1>",
    "options": "['$\\\\sqrt{6}$' '3' '$\\\\frac{3 \\\\sqrt{3}}{2}$' '$2 \\\\sqrt{2}$' '6']",
    "image": "images/277.jpg",
    "answer": "A",
    "solution": NaN,
    "level": 5,
    "subject": "metric geometry - length",
    "folder_id": "22",
    "image_path": [
        "/22/277_rotate_90.jpg",
        "/22/277.jpg"
    ]
}