{
    "id": 1536,
    "question": "The rectangle shown in the diagram on the right is divided into 7 squares. The sides of the grey squares on the right are all $8 \\mathrm{~cm}$ long. What is the length in $\\mathrm{cm}$ of the side of the black square? <image1>",
    "options": "[]",
    "image": "images/1536.jpg",
    "answer": "18",
    "solution": "The length of the shorter side of the rectangle is $3 \\times 8=24 \\mathrm{~cm}$. Let $x \\mathrm{~cm}$ be the side length of the small white squares. Then the side of the black square is $3 x \\mathrm{~cm}$, then the side of each white square is $x \\mathrm{~cm}$. Hence $4 x=24$ and $x=6$.",
    "level": 2,
    "subject": "metric geometry - length",
    "folder_id": "474",
    "image_path": [
        "/474/1536_flip_vertically.jpg",
        "/474/1536.jpg"
    ]
}