{
    "id": 590,
    "question": "<image1>\nFelix the rabbit has 20 carrots. Every day he eats 2 of them. He has eaten the 12th carrot on a Wednesday. On which day of the week did he start eating the carrots?",
    "options": "['Monday' 'Tuesday' 'Wednesday' 'Thursday' 'Friday']",
    "image": "images/590.jpg",
    "answer": "E",
    "solution": NaN,
    "level": 3,
    "subject": "arithmetic",
    "folder_id": "365",
    "image_path": [
        "/365/590_flip_vertically.jpg",
        "/365/590.jpg"
    ]
}