{
    "pid": 3417,
    "question": "Subtract all large gray matte blocks. Subtract all purple matte cylinders. How many objects are left?",
    "image": "images/3417.jpg",
    "choices": NaN,
    "unit": NaN,
    "precision": NaN,
    "question_type": "free_form",
    "answer_type": "integer",
    "metadata": "{'category': 'math-targeted-vqa', 'context': 'synthetic scene', 'grade': 'elementary school', 'img_height': 240, 'img_width': 320, 'language': 'english', 'skills': array(['arithmetic reasoning'], dtype=object), 'source': 'CLEVR-Math', 'split': 'test', 'task': 'math word problem'}",
    "query": "Hint: Please answer the question requiring an integer answer and provide the final value, e.g., 1, 2, 3, at the end.\nQuestion: Subtract all large gray matte blocks. Subtract all purple matte cylinders. How many objects are left?",
    "answer": "6",
    "folder_id": "303",
    "image_path": [
        "/303/3417_flip_vertically.jpg",
        "/303/3417.jpg"
    ]
}