{
    "id": 270,
    "question": "In the diagram a closed polygon can be seen whose vertices are the midpoints of the edges of the die. The interior angles are as usual defined as the angle that two sides of the polygon describe in a common vertex. How big is the sum of all interior angles of the polygon?\n<image1>",
    "options": "['$720^{\\\\circ}$' '$1080^{\\\\circ}$' '$1200^{\\\\circ}$' '$1440^{\\\\circ}$'\n '$1800^{\\\\circ}$']",
    "image": "images/270.jpg",
    "answer": "B",
    "solution": NaN,
    "level": 3,
    "subject": "solid geometry",
    "folder_id": "20",
    "image_path": [
        "/20/270_rotate_90.jpg",
        "/20/270.jpg"
    ]
}