{
    "pid": 2185,
    "question": "How many marbles are there? Estimate.",
    "image": "images/2185.jpg",
    "choices": "['about 90' 'about 40']",
    "unit": NaN,
    "precision": NaN,
    "question_type": "multi_choice",
    "answer_type": "text",
    "metadata": "{'category': 'math-targeted-vqa', 'context': 'abstract scene', 'grade': 'elementary school', 'img_height': 277, 'img_width': 409, 'language': 'english', 'skills': array(['arithmetic reasoning'], dtype=object), 'source': 'IconQA', 'split': 'test', 'task': 'math word problem'}",
    "query": "Hint: Please answer the question and provide the correct option letter, e.g., A, B, C, D, at the end.\nQuestion: How many marbles are there? Estimate.\nChoices:\n(A) about 90\n(B) about 40",
    "answer": "40",
    "folder_id": "251",
    "image_path": [
        "/251/2185_flip_vertically.jpg",
        "/251/2185.jpg"
    ]
}