{
    "id": 1838,
    "question": "A coin with diameter $1 \\mathrm{~cm}$ rolls around the outside of a regular hexagon with edges of length $1 \\mathrm{~cm}$ until it returns to its original position. In centimetres, what is the length of the path traced out by the centre of the coin? <image1>",
    "options": "['$6+\\\\pi / 2$' '$12+\\\\pi$' '$6+\\\\pi$' '$12+2 \\\\pi$' '$6+2 \\\\pi$']",
    "image": "images/1838.jpg",
    "answer": "C",
    "solution": "Along the six edges the centre moves $1 \\mathrm{~cm}$ (parallel to the edges). Around the six vertices it traces out an arc of radius $\\frac{1}{2} \\mathrm{~cm}$ and angle $60^{\\circ}$, which has length  $$ \\frac{60}{360} \\times 2 \\pi \\times \\frac{1}{2}=\\frac{\\pi}{6} $$  The total distance $=6 \\times\\left(1+\\frac{\\pi}{6}\\right)=6+\\pi$.",
    "level": 4,
    "subject": "transformation geometry",
    "folder_id": "507",
    "image_path": [
        "/507/1838_flip_vertically.jpg",
        "/507/1838.jpg"
    ]
}