{
    "pid": 1081,
    "question": "The shape is made of unit squares. What is the area of the shape?",
    "image": "images/1081.jpg",
    "choices": NaN,
    "unit": NaN,
    "precision": NaN,
    "question_type": "free_form",
    "answer_type": "integer",
    "metadata": "{'category': 'math-targeted-vqa', 'context': 'abstract scene', 'grade': 'elementary school', 'img_height': 56, 'img_width': 156, 'language': 'english', 'skills': array(['arithmetic reasoning', 'geometry reasoning'], dtype=object), 'source': 'IconQA', 'split': 'test', 'task': 'math word problem'}",
    "query": "Hint: Please answer the question requiring an integer answer and provide the final value, e.g., 1, 2, 3, at the end.\nQuestion: The shape is made of unit squares. What is the area of the shape?",
    "answer": "3",
    "folder_id": "2",
    "image_path": [
        "/2/1081_rotate_90.jpg",
        "/2/1081.jpg"
    ]
}