{
    "id": 1466,
    "question": "Various symbols are drawn on a piece of paper (see picture). The teacher folds the left side along the vertical line to the right. How many symbols of the left side are now congruent on top of a symbol on the right side?\n<image1>",
    "options": "[]",
    "image": "images/1466.jpg",
    "answer": "3",
    "solution": NaN,
    "level": 4,
    "subject": "transformation geometry",
    "folder_id": "465",
    "image_path": [
        "/465/1466_flip_vertically.jpg",
        "/465/1466.jpg"
    ]
}