{
    "id": 1732,
    "question": "The diameter of the circle shown is $10 \\mathrm{~cm}$. The circle passes through the vertices of a large rectangle which is divided into 16 identical smaller rectangles.\n<image1>\nWhat is the perimeter of the shape drawn with a dark line?",
    "options": "['$10 \\\\mathrm{~cm}$' '$16 \\\\mathrm{~cm}$' '$20 \\\\mathrm{~cm}$'\n '$24 \\\\mathrm{~cm}$' '$30 \\\\mathrm{~cm}$']",
    "image": "images/1732.jpg",
    "answer": "C",
    "solution": "The diagonals of a rectangle bisect each other at the midpoint of the rectangle. Hence, the midpoint of a rectangle is equidistant from all four vertices and is the centre of a circle through its vertices.  In this case, the diameter of the circle is $10 \\mathrm{~cm}$. This is equal to the sum of the lengths of the diagonals of four of the smaller rectangles. Hence the diagonal of each small  ![](https://cdn.mathpix.com/cropped/2023_12_27_0c701a5ea5536323fea0g-2.jpg?height=306&width=308&top_left_y=2023&top_left_x=1525) rectangle has length $2.5 \\mathrm{~cm}$. The perimeter of the marked shape is made up of eight diagonals of the small rectangles and hence has length $8 \\times 2.5 \\mathrm{~cm}=20 \\mathrm{~cm}$.",
    "level": 3,
    "subject": "metric geometry - length",
    "folder_id": "191",
    "image_path": [
        "/191/1732_rotate_90.jpg",
        "/191/1732.jpg"
    ]
}