{
    "pid": 4946,
    "question": "As shown in the figure, the expanded figure of the lateral surface of a cone is a semicircle with a radius of 10.0, then the radius of its bottom is ()",
    "image": "images/4946.jpg",
    "choices": "['3' '4' '5' '6']",
    "unit": NaN,
    "precision": NaN,
    "question_type": "multi_choice",
    "answer_type": "text",
    "metadata": "{'category': 'math-targeted-vqa', 'context': 'geometry diagram', 'grade': 'high school', 'img_height': 52, 'img_width': 155, 'language': 'english', 'skills': array(['algebraic reasoning', 'geometry reasoning'], dtype=object), 'source': 'UniGeo', 'split': 'test', 'task': 'geometry problem solving'}",
    "query": "Hint: Please answer the question and provide the correct option letter, e.g., A, B, C, D, at the end.\nQuestion: As shown in the figure, the expanded figure of the lateral surface of a cone is a semicircle with a radius of 10.0, then the radius of its bottom is ()\nChoices:\n(A) 3\n(B) 4\n(C) 5\n(D) 6",
    "answer": "5",
    "folder_id": "161",
    "image_path": [
        "/161/4946_rotate_90.jpg",
        "/161/4946.jpg"
    ]
}