{
    "id": 1372,
    "question": "The figure on the right is made up of six unit squares. Its perimeter is $14 \\mathrm{~cm}$. Squares will be added to this figure in the same way until it is made up of 2013 unit squares (zigzag: alternating bottom right and top right). How big is the perimeter of the newly created figure?\n<image1>",
    "options": "[]",
    "image": "images/1372.jpg",
    "answer": "4028",
    "solution": NaN,
    "level": 4,
    "subject": "arithmetic",
    "folder_id": "143",
    "image_path": [
        "/143/1372_rotate_90.jpg",
        "/143/1372.jpg"
    ]
}