{
    "id": 1565,
    "question": "The diagram shows a regular 9-sided polygon (a nonagon or an enneagon) with two of the sides extended to meet at the point $X$. What is the size of the acute angle at $X$ ? <image1>",
    "options": "['$40^{\\\\circ}$' '$45^{\\\\circ}$' '$50^{\\\\circ}$' '$55^{\\\\circ}$'\n '$60^{\\\\circ}$']",
    "image": "images/1565.jpg",
    "answer": "E",
    "solution": "The exterior angles of a regular nonagon are $360^{\\circ} \\div 9=40^{\\circ}$, whence the interior angles are $180^{\\circ}-40^{\\circ}=140^{\\circ}$. In the arrowhead quadrilateral whose rightmost vertex is $X$, three of the angles are $40^{\\circ}, 40^{\\circ}$ and $360^{\\circ}-140^{\\circ}=220^{\\circ}$ and these add up to $300^{\\circ}$. So the angle at $X$ is $60^{\\circ}$.  [It is now possible to see that the entire nonagon can fit neatly inside an equilateral triangle and so the angle at $X$  ![](https://cdn.mathpix.com/cropped/2023_12_27_0f4ed2787981bb911326g-098.jpg?height=297&width=308&top_left_y=1462&top_left_x=1502) is $60^{\\circ}$.]",
    "level": 5,
    "subject": "metric geometry - angle",
    "folder_id": "478",
    "image_path": [
        "/478/1565_flip_vertically.jpg",
        "/478/1565.jpg"
    ]
}