{
    "pid": 5821,
    "question": "What percent of people are wearing blue?",
    "image": "images/5821.jpg",
    "choices": NaN,
    "unit": NaN,
    "precision": NaN,
    "question_type": "free_form",
    "answer_type": "integer",
    "metadata": "{'category': 'general-vqa', 'context': 'natural image', 'grade': 'daily life', 'img_height': 333, 'img_width': 500, 'language': 'english', 'skills': array(['arithmetic reasoning', 'numeric commonsense'], dtype=object), 'source': 'VQA2.0', 'split': 'test', 'task': 'visual question answering'}",
    "query": "Hint: Please answer the question requiring an integer answer and provide the final value, e.g., 1, 2, 3, at the end.\nQuestion: What percent of people are wearing blue?",
    "answer": "20",
    "folder_id": "383",
    "image_path": [
        "/383/5821_flip_vertically.jpg",
        "/383/5821.jpg"
    ]
}