{
    "id": 734,
    "question": "A paper in the shape of a regular hexagon, as the one shown, is folded in such a way that the three marked corners touch each other at the centre of the hexagon. What is the obtained figure?\n<image1>",
    "options": "['Six corner star' 'Dodecagon' 'Hexagon' 'Square' 'Triangle']",
    "image": "images/734.jpg",
    "answer": "E",
    "solution": NaN,
    "level": 5,
    "subject": "descriptive geometry",
    "folder_id": "378",
    "image_path": [
        "/378/734_flip_vertically.jpg",
        "/378/734.jpg"
    ]
}