{
    "id": 174,
    "question": "A parallelogram is divided into 4 triangles as shown in the figure. Of the following possibilities for the areas of the triangles at most one can be true. Which one is it?\n<image1>",
    "options": "['$4,5,8,9$' '$3,5,6,7$' '$5,6,7,12$' '$10,11,12,19$' '$5,6,8,10$']",
    "image": "images/174.jpg",
    "answer": "A",
    "solution": NaN,
    "level": 5,
    "subject": "metric geometry - area",
    "folder_id": "321",
    "image_path": [
        "/321/174_flip_vertically.jpg",
        "/321/174.jpg"
    ]
}