{
    "id": 1002,
    "question": "Two quadrates with the same size cover a circle, the radius of which is $3 \\mathrm{~cm}$. Find the total area (in $\\mathrm{cm}^{2}$ ) of the shaded figure.\n<image1>",
    "options": "['$8(\\\\pi-1)$' '$6(2 \\\\pi-1)$' '$9 \\\\pi-25$' '$9(\\\\pi-2)$'\n '$\\\\frac{6 \\\\pi}{5}$']",
    "image": "images/1002.jpg",
    "answer": "D",
    "solution": NaN,
    "level": 3,
    "subject": "metric geometry - area",
    "folder_id": "398",
    "image_path": [
        "/398/1002_flip_vertically.jpg",
        "/398/1002.jpg"
    ]
}