{
    "id": 1501,
    "question": "For a hexagon (with six sides like these) the greatest possible number of interior right-angles is:\n<image1>",
    "options": "[]",
    "image": "images/1501.jpg",
    "answer": "5",
    "solution": "The hexagon shown has five right angles. There cannot be a hexagon with six right angles because the interior angles of a hexagon total $720^{\\circ}$. ![](https://cdn.mathpix.com/cropped/2023_12_27_0f4ed2787981bb911326g-009.jpg?height=212&width=320&top_left_y=1050&top_left_x=1483)",
    "level": 4,
    "subject": "combinatorial geometry",
    "folder_id": "468",
    "image_path": [
        "/468/1501_flip_vertically.jpg",
        "/468/1501.jpg"
    ]
}