{
    "id": 1472,
    "question": "The diagram shows three big circles of equal size and four small circles. Each small circle touches two big circles and has radius 1. How big is the shaded area?\n<image1>",
    "options": "['$\\\\pi$' '$2 \\\\pi$' '$3 \\\\pi$' '$4 \\\\pi$' '$6 \\\\pi$']",
    "image": "images/1472.jpg",
    "answer": "B",
    "solution": NaN,
    "level": 4,
    "subject": "metric geometry - area",
    "folder_id": "160",
    "image_path": [
        "/160/1472_rotate_90.jpg",
        "/160/1472.jpg"
    ]
}