{
    "id": 1342,
    "question": "A barcode as pictured is made up of alternate black and white stripes. The code always starts and ends with a black stripe. Each stripe (black or white) has the width 1 or 2 and the total width of the barcode is 12. How many different barcodes of this kind are there if one reads from left to right?\n<image1>",
    "options": "[]",
    "image": "images/1342.jpg",
    "answer": "114",
    "solution": NaN,
    "level": 4,
    "subject": "combinatorics",
    "folder_id": "448",
    "image_path": [
        "/448/1342_flip_vertically.jpg",
        "/448/1342.jpg"
    ]
}