{
    "pid": 1736,
    "question": "How many bowling pins are there?",
    "image": "images/1736.jpg",
    "choices": NaN,
    "unit": NaN,
    "precision": NaN,
    "question_type": "free_form",
    "answer_type": "integer",
    "metadata": "{'category': 'math-targeted-vqa', 'context': 'abstract scene', 'grade': 'elementary school', 'img_height': 459, 'img_width': 721, 'language': 'english', 'skills': array(['arithmetic reasoning'], dtype=object), 'source': 'IconQA', 'split': 'test', 'task': 'math word problem'}",
    "query": "Hint: Please answer the question requiring an integer answer and provide the final value, e.g., 1, 2, 3, at the end.\nQuestion: How many bowling pins are there?",
    "answer": "40",
    "folder_id": "235",
    "image_path": [
        "/235/1736_flip_vertically.jpg",
        "/235/1736.jpg"
    ]
}