{
    "id": 855,
    "question": "$A 10 \\mathrm{~cm}$ long piece if wire is folded so that every part is equally long (see diagram). The wire is then cut through in the two positions marked. How long are the three pieces created in this way?\n<image1>",
    "options": "['$2 \\\\mathrm{~cm}, 3 \\\\mathrm{~cm}, 5 \\\\mathrm{~cm}$'\n '$2 \\\\mathrm{~cm}, 2 \\\\mathrm{~cm}, 6 \\\\mathrm{~cm}$'\n '$1 \\\\mathrm{~cm}, 4 \\\\mathrm{~cm}, 5 \\\\mathrm{~cm}$'\n '$1 \\\\mathrm{~cm}, 3 \\\\mathrm{~cm}, 6 \\\\mathrm{~cm}$'\n '$3 \\\\mathrm{~cm}, 3 \\\\mathrm{~cm}, 4 \\\\mathrm{~cm}$']",
    "image": "images/855.jpg",
    "answer": "A",
    "solution": NaN,
    "level": 1,
    "subject": "transformation geometry",
    "folder_id": "391",
    "image_path": [
        "/391/855_flip_vertically.jpg",
        "/391/855.jpg"
    ]
}