{
    "id": 1713,
    "question": "The diagram shows a smaller rectangle made from three squares, each of area $25 \\mathrm{~cm}^{2}$, inside a larger rectangle. Two of the vertices of the smaller rectangle lie on the mid-points of the shorter sides of the larger rectangle. The other two vertices of the smaller rectangle lie on the other two sides of the larger rectangle. What is the area, in $\\mathrm{cm}^{2}$, of the larger rectangle? <image1>",
    "options": "[]",
    "image": "images/1713.jpg",
    "answer": "150",
    "solution": "Join the vertices of the smaller rectangle that lie on the shorter sides of the larger rectangle, as shown in the diagram. This line splits the smaller rectangle into two congruent triangles, each with base equal to the length of the longer sides of the larger rectangle and with perpendicular height equal to half the length of the shorter sides of the larger rectangle.  ![](https://cdn.mathpix.com/cropped/2023_12_27_cd0e3896c5b855fa27a7g-07.jpg?height=257&width=323&top_left_y=811&top_left_x=1549)  Therefore the area of each triangle is equal to half the area of the smaller rectangle. Since each triangle is half of the three shaded squares, the area of each triangle, in $\\mathrm{cm}^{2}$, is $(3 \\times 25) \\div 2=37.5$. Hence the area of the larger rectangle, in $\\mathrm{cm}^{2}$, is $4 \\times 37.5=150$.",
    "level": 3,
    "subject": "metric geometry - area",
    "folder_id": "491",
    "image_path": [
        "/491/1713_flip_vertically.jpg",
        "/491/1713.jpg"
    ]
}