{
    "id": 2012,
    "question": "The pattern shown in the diagram is constructed using semicircles. Each semicircle has a diameter that lies on the horizontal axis shown and has one of the black dots at either end. The distance between each pair of adjacent black dots is $1 \\mathrm{~cm}$. The area, in $\\mathrm{cm}^{2}$, of the pattern that is shaded in grey is $\\frac{1}{8} k \\pi$. What is the value of $k$ ?\n<image1>",
    "options": "[]",
    "image": "images/2012.jpg",
    "answer": "121",
    "solution": "Take each shaded semi-annulus that is below the line and reflect it in the line then move it one centimetre to the left. A shaded semicircle of diameter $11 \\mathrm{~cm}$ is obtained. Therefore the whole shaded area is $\\frac{121}{8} \\pi$. Hence the value of $k$ is 121 .",
    "level": 5,
    "subject": "metric geometry - area",
    "folder_id": "534",
    "image_path": [
        "/534/2012_flip_vertically.jpg",
        "/534/2012.jpg"
    ]
}