{
    "id": 1129,
    "question": "Florian has seven pieces of wire of lengths $1 \\mathrm{~cm}, 2 \\mathrm{~cm}, 3 \\mathrm{~cm}, 4 \\mathrm{~cm}, 5 \\mathrm{~cm}, 6 \\mathrm{~cm}$ and $7 \\mathrm{~cm}$. He uses some of those pieces to form a wire model of a cube with side length 1. He does not want any overlapping wire parts. What is the smallest number of wire pieces that he can use?\n<image1>",
    "options": "[]",
    "image": "images/1129.jpg",
    "answer": "4",
    "solution": NaN,
    "level": 4,
    "subject": "solid geometry",
    "folder_id": "420",
    "image_path": [
        "/420/1129_flip_vertically.jpg",
        "/420/1129.jpg"
    ]
}