{
    "pid": 2694,
    "question": "How many triangles do you see?",
    "image": "images/2694.jpg",
    "choices": NaN,
    "unit": NaN,
    "precision": NaN,
    "question_type": "free_form",
    "answer_type": "integer",
    "metadata": "{'category': 'math-targeted-vqa', 'context': 'puzzle test', 'grade': 'elementary school', 'img_height': 766, 'img_width': 856, 'language': 'english', 'skills': array(['geometry reasoning', 'logical reasoning'], dtype=object), 'source': 'IQTest', 'split': 'test', 'task': 'figure question answering'}",
    "query": "Hint: Please answer the question requiring an integer answer and provide the final value, e.g., 1, 2, 3, at the end.\nQuestion: How many triangles do you see?",
    "answer": "35",
    "folder_id": "67",
    "image_path": [
        "/67/2694_rotate_90.jpg",
        "/67/2694.jpg"
    ]
}