{
    "id": 1241,
    "question": "A dark disc with two holes is placed on top of a dial of a watch as shown. The dark disc is now rotated so that the number 8 can be seen through one of the holes. Which of the numbers could one see through the other hole now? <image1>",
    "options": "['4 and 12' '1 and 5' '1 and 4' '7 and 11' '5 and 12']",
    "image": "images/1241.jpg",
    "answer": "A",
    "solution": NaN,
    "level": 3,
    "subject": "transformation geometry",
    "folder_id": "428",
    "image_path": [
        "/428/1241_flip_vertically.jpg",
        "/428/1241.jpg"
    ]
}