{
    "id": 866,
    "question": "Clara forms one big triangle made up of identical little triangles. She has already put some triangles together (see diagram). What is the minimum number of little triangles she has to add?\n<image1>",
    "options": "[]",
    "image": "images/866.jpg",
    "answer": "9",
    "solution": NaN,
    "level": 2,
    "subject": "combinatorial geometry",
    "folder_id": "392",
    "image_path": [
        "/392/866_flip_vertically.jpg",
        "/392/866.jpg"
    ]
}