{
    "id": 1439,
    "question": "Four points were marked on a grid of $1 \\mathrm{~cm}$ side squares. Of the possible triangular regions that can be obtained with vertices in three of these points, one has the largest area. What is this area, in $\\mathrm{cm}^{2}$?\n<image1>",
    "options": "[]",
    "image": "images/1439.jpg",
    "answer": "5.5",
    "solution": NaN,
    "level": 4,
    "subject": "metric geometry - area",
    "folder_id": "155",
    "image_path": [
        "/155/1439_rotate_90.jpg",
        "/155/1439.jpg"
    ]
}