{
    "id": 2583,
    "question": "A plastic snap-together cube has a protruding snap on one side and receptacle holes on the other five sides as shown.  What is the smallest number of these cubes that can be snapped together so that only receptacle holes are showing?\n\n<image1>",
    "options": "[]",
    "image": "images/2583.jpg",
    "answer": "4",
    "solution": NaN,
    "level": 4,
    "subject": "solid geometry",
    "folder_id": "267",
    "image_path": [
        "/267/2583_rotate_90.jpg",
        "/267/2583.jpg"
    ]
}