{
    "pid": 5316,
    "question": "Subtract all red metal cylinders. Subtract all tiny matte objects. How many objects are left?",
    "image": "images/5316.jpg",
    "choices": NaN,
    "unit": NaN,
    "precision": NaN,
    "question_type": "free_form",
    "answer_type": "integer",
    "metadata": "{'category': 'math-targeted-vqa', 'context': 'synthetic scene', 'grade': 'elementary school', 'img_height': 240, 'img_width': 320, 'language': 'english', 'skills': array(['arithmetic reasoning'], dtype=object), 'source': 'CLEVR-Math', 'split': 'test', 'task': 'math word problem'}",
    "query": "Hint: Please answer the question requiring an integer answer and provide the final value, e.g., 1, 2, 3, at the end.\nQuestion: Subtract all red metal cylinders. Subtract all tiny matte objects. How many objects are left?",
    "answer": "5",
    "folder_id": "177",
    "image_path": [
        "/177/5316_rotate_90.jpg",
        "/177/5316.jpg"
    ]
}