{
    "id": 382,
    "question": "Emma should colour in the three strips of the flag shown. She has four colours available. She can only use one colour for each strip and immediately adjacent strips are not to be of the same colour. How many different ways are there for her to colour in the flag? <image1>",
    "options": "[]",
    "image": "images/382.jpg",
    "answer": "36",
    "solution": NaN,
    "level": 5,
    "subject": "graph theory",
    "folder_id": "343",
    "image_path": [
        "/343/382_flip_vertically.jpg",
        "/343/382.jpg"
    ]
}