{
    "id": 27,
    "question": "Theresa moves a pencil along the line. She starts at the arrow shown. In which order will she go past the shapes?\n<image1>",
    "options": "['$\\\\Delta, \\\\square, \\\\bullet$' '$\\\\Delta, \\\\bullet, \\\\square$'\n '$\\\\bullet, \\\\Delta, \\\\square$' '$\\\\square, \\\\Delta, \\\\bullet$'\n '$\\\\square, \\\\bullet, \\\\Delta$']",
    "image": "images/27.jpg",
    "answer": "A",
    "solution": NaN,
    "level": 5,
    "subject": "topology",
    "folder_id": "3",
    "image_path": [
        "/3/27_rotate_90.jpg",
        "/3/27.jpg"
    ]
}