{
    "id": 1256,
    "question": "Elisabeth wants to write the numbers 1 to 9 in the fields of the diagram shown so that the product of the numbers of two fields next to each other is no greater than 15. Two fields are called \u201enext to each other\u201c if they share a common edge. How many ways are there for Elisabeth to label the fields? <image1>",
    "options": "[]",
    "image": "images/1256.jpg",
    "answer": "16",
    "solution": NaN,
    "level": 2,
    "subject": "combinatorics",
    "folder_id": "124",
    "image_path": [
        "/124/1256_rotate_90.jpg",
        "/124/1256.jpg"
    ]
}