{
    "pid": 5643,
    "question": "How many blocks are there?",
    "image": "images/5643.jpg",
    "choices": NaN,
    "unit": NaN,
    "precision": NaN,
    "question_type": "free_form",
    "answer_type": "integer",
    "metadata": "{'category': 'math-targeted-vqa', 'context': 'abstract scene', 'grade': 'elementary school', 'img_height': 460, 'img_width': 722, 'language': 'english', 'skills': array(['arithmetic reasoning'], dtype=object), 'source': 'IconQA', 'split': 'test', 'task': 'math word problem'}",
    "query": "Hint: Please answer the question requiring an integer answer and provide the final value, e.g., 1, 2, 3, at the end.\nQuestion: How many blocks are there?",
    "answer": "50",
    "folder_id": "192",
    "image_path": [
        "/192/5643_rotate_90.jpg",
        "/192/5643.jpg"
    ]
}