{
    "id": 2877,
    "question": "Let $R$ be the rectangle in the Cartesian plane with vertices at $(0,0)$, $(2,0)$, $(2,1)$, and $(0,1)$. $R$ can be divided into two unit squares, as shown. Pro selects a point $P$ at random in the interior of $R$. Find the probability that the line through $P$ with slope $\\frac{1}{2}$ will pass through both unit squares.\\n<image1>",
    "options": "[]",
    "image": "images/2877.jpg",
    "answer": "$\\boxed{\\frac{3}{4}}$",
    "solution": "So trivially if $P$ is in the square on the right, then the line will go through both squares. Now consider the square on the left.\\nThe way in which $P$ won't satisfy the condition is if the line goes through the left square and then leaves before passing through square $2$\\nWe can rewrite this numerically as if some line $l$ intersects the line $y=1$ at some point $(x_0,1)$ such that $0\\le{x_0}\\le{1}$.\\nAlso we can represent $l$ as $y=\\frac{x}{2}+b$. Now we can solve for $b$ in terms of $x$ by plugging in $y=1$ and rearranging.\\nThis gives $2-2b=x$. Thus we want $\\frac{1}{2}<b<1$. Now we want to compute the total interval $b$ can take on. By using the extreme points of $(0,1)$ and $(2,1)$ we see that $0<b<1$. Thus the probability of point $P$ not satisfying the condition in the first square is $\\frac{1}{2}$, meaning the probability it does is $\\frac{1}{2}$.\\nHence we want, $\\frac{1}{2}\\cdot{\\frac{1}{2}}+\\frac{1}{2}\\implies{\\boxed{\\frac{3}{4}}}$",
    "level": 5,
    "subject": "metric geometry - area",
    "folder_id": "295",
    "image_path": [
        "/295/2877_rotate_90.jpg",
        "/295/2877.jpg"
    ]
}