{
    "id": 1108,
    "question": "George builds the sculpture shown from seven cubes each of edge length 1. How many more of these cubes must he add to the sculpture so that he builds a large cube of edge length 3?\n<image1>",
    "options": "[]",
    "image": "images/1108.jpg",
    "answer": "20",
    "solution": NaN,
    "level": 4,
    "subject": "solid geometry",
    "folder_id": "416",
    "image_path": [
        "/416/1108_flip_vertically.jpg",
        "/416/1108.jpg"
    ]
}