{
    "id": 1011,
    "question": "The section of a cube by a plane generates a plane figure. I have plotted this section in the development of the cube (see the picture). Can you find out what figure it is?\n<image1>",
    "options": "['An equilateral triangle' 'A rectangle, but not a square'\n 'A right triangle' 'A square' 'A hexagon']",
    "image": "images/1011.jpg",
    "answer": "A",
    "solution": NaN,
    "level": 4,
    "subject": "descriptive geometry",
    "folder_id": "399",
    "image_path": [
        "/399/1011_flip_vertically.jpg",
        "/399/1011.jpg"
    ]
}