{
    "id": 1185,
    "question": "Kathi folds a square piece of paper twice and subsequently cuts it along the two lines as shown in the picture. The resulting pieces of paper are then unfolded if possible. How many of the pieces of paper are squares?\n<image1>",
    "options": "[]",
    "image": "images/1185.jpg",
    "answer": "5",
    "solution": NaN,
    "level": 3,
    "subject": "transformation geometry",
    "folder_id": "119",
    "image_path": [
        "/119/1185_rotate_90.jpg",
        "/119/1185.jpg"
    ]
}