{
    "pid": 5487,
    "question": "How many squares are in the picture?",
    "image": "images/5487.jpg",
    "choices": NaN,
    "unit": NaN,
    "precision": NaN,
    "question_type": "free_form",
    "answer_type": "integer",
    "metadata": "{'category': 'math-targeted-vqa', 'context': 'puzzle test', 'grade': 'elementary school', 'img_height': 602, 'img_width': 654, 'language': 'english', 'skills': array(['logical reasoning'], dtype=object), 'source': 'IQTest', 'split': 'test', 'task': 'figure question answering'}",
    "query": "Hint: Please answer the question requiring an integer answer and provide the final value, e.g., 1, 2, 3, at the end.\nQuestion: How many squares are in the picture?",
    "answer": "10",
    "folder_id": "183",
    "image_path": [
        "/183/5487_rotate_90.jpg",
        "/183/5487.jpg"
    ]
}