{
    "id": 2780,
    "question": "A $\\triangle$ or $\\bigcirc$ is placed in each of the nine squares in a 3-by-3 grid. Shown below is a sample configuration with three $\\triangle$s in a line.\n<image1>\n\nHow many configurations will have three $\\triangle$s in a line and three $\\bigcirc$s in a line?",
    "options": "[]",
    "image": "images/2780.jpg",
    "answer": "84",
    "solution": NaN,
    "level": 2,
    "subject": "combinatorics",
    "folder_id": "288",
    "image_path": [
        "/288/2780_rotate_90.jpg",
        "/288/2780.jpg"
    ]
}