{
    "id": 1947,
    "question": "The diagram shows a shape made from ten squares of side-length $1 \\mathrm{~cm}$, joined edge to edge. What is the length of its perimeter, in centimetres?\n<image1>",
    "options": "[]",
    "image": "images/1947.jpg",
    "answer": "18",
    "solution": "Counting the edges of the squares around the shape gives a perimeter of $18 \\mathrm{~cm}$.",
    "level": 3,
    "subject": "combinatorial geometry",
    "folder_id": "522",
    "image_path": [
        "/522/1947_flip_vertically.jpg",
        "/522/1947.jpg"
    ]
}