{
    "pid": 2160,
    "question": "Lulu cuts a circle and a sector piece of paper from the paper (as shown in the picture), and uses them to form a cone model. If the radius of the circle is 1.0. The central angle of the sector is equal to 120.0, then the radius of the sector is ()",
    "image": "images/2160.jpg",
    "choices": "['\u221a{3}' '\u221a{6}' '3' '6']",
    "unit": NaN,
    "precision": NaN,
    "question_type": "multi_choice",
    "answer_type": "text",
    "metadata": "{'category': 'math-targeted-vqa', 'context': 'geometry diagram', 'grade': 'high school', 'img_height': 101, 'img_width': 101, 'language': 'english', 'skills': array(['algebraic reasoning', 'geometry reasoning'], dtype=object), 'source': 'UniGeo', 'split': 'test', 'task': 'geometry problem solving'}",
    "query": "Hint: Please answer the question and provide the correct option letter, e.g., A, B, C, D, at the end.\nQuestion: Lulu cuts a circle and a sector piece of paper from the paper (as shown in the picture), and uses them to form a cone model. If the radius of the circle is 1.0. The central angle of the sector is equal to 120.0, then the radius of the sector is ()\nChoices:\n(A) \u221a{3}\n(B) \u221a{6}\n(C) 3\n(D) 6",
    "answer": "3",
    "folder_id": "46",
    "image_path": [
        "/46/2160_rotate_90.jpg",
        "/46/2160.jpg"
    ]
}