{
    "id": 1176,
    "question": "In a game of dominoes the tiles always have to be placed so that the touching halves of two adjacent domino tiles show the same number of dots. Paul has six domino tiles in front of him (see diagram).\n<image1>\nIn several steps Paul tries to arrange them in a correct order. In each step he is either allowed to swap any two domino tiles or he is allowed to turn one domino tile $180^{\\circ}$ around. What is the minimum number of steps he needs in order to arrange the domino tiles correctly?",
    "options": "[]",
    "image": "images/1176.jpg",
    "answer": "3",
    "solution": NaN,
    "level": 3,
    "subject": "graph theory",
    "folder_id": "117",
    "image_path": [
        "/117/1176_rotate_90.jpg",
        "/117/1176.jpg"
    ]
}