{
    "id": 1831,
    "question": "Two squares with side 1 have a common vertex, and the edge of one of them lies along the diagonal of the other. What is the area of the overlap between the squares? <image1>",
    "options": "['$\\\\sqrt{2}-1$' '$\\\\frac{\\\\sqrt{2}}{2}$' '$\\\\frac{\\\\sqrt{2}+1}{2}$'\n '$\\\\sqrt{2}+1$' '$\\\\sqrt{3}-\\\\sqrt{2}$']",
    "image": "images/1831.jpg",
    "answer": "A",
    "solution": NaN,
    "level": 4,
    "subject": "transformation geometry",
    "folder_id": "202",
    "image_path": [
        "/202/1831_rotate_90.jpg",
        "/202/1831.jpg"
    ]
}