{
    "id": 2928,
    "question": "An 8-inch by 8-inch square is folded along a diagonal creating a triangular region. This resulting triangular region is then folded so that the right angle vertex just meets the midpoint of the hypotenuse. What is the area of the resulting trapezoidal figure in square inches?\n\n<image1>",
    "options": "[]",
    "image": "images/2928.jpg",
    "answer": "24",
    "solution": "Break the figure up into smaller $4\\times4$ squares by making two cuts, one vertical cut down the center and one horizontal cut across the center. In the top left small square, half is occupied by part of the trapezoid (since a diagonal of a square splits the square into two equal areas). Similarly, in the top right small square and bottom left small square, half is occupied by part of the trapezoid. In the bottom right small square, none is occupied by the trapezoid. In all, there are three half-squares that make up the trapezoid. Since each small square has area $4\\cdot4=16$ square inches, the area of the trapezoid is $\\frac{3}{2}\\cdot16=\\boxed{24}$ square inches.",
    "level": 2,
    "subject": "transformation geometry",
    "folder_id": "298",
    "image_path": [
        "/298/2928_rotate_90.jpg",
        "/298/2928.jpg"
    ]
}