{
    "id": 1150,
    "question": "The black and the dashed line together form seven equilateral triangles. The dashed line is $20 \\mathrm{~cm}$ long. How long is the black line?\n<image1>",
    "options": "['$25 \\\\mathrm{~cm}$' '$30 \\\\mathrm{~cm}$' '$35 \\\\mathrm{~cm}$'\n '$40 \\\\mathrm{~cm}$' '$45 \\\\mathrm{~cm}$']",
    "image": "images/1150.jpg",
    "answer": "D",
    "solution": NaN,
    "level": 2,
    "subject": "metric geometry - length",
    "folder_id": "423",
    "image_path": [
        "/423/1150_flip_vertically.jpg",
        "/423/1150.jpg"
    ]
}