{
    "id": 92,
    "question": "The picture shows a mouse and a piece of cheese. The mouse is only allowed to move to the neighbouring fields in the direction of the arrows. How many paths are there from the mouse to the cheese?\n<image1>",
    "options": "[]",
    "image": "images/92.jpg",
    "answer": "6",
    "solution": NaN,
    "level": 1,
    "subject": "combinatorics",
    "folder_id": "316",
    "image_path": [
        "/316/92_flip_vertically.jpg",
        "/316/92.jpg"
    ]
}