{
    "id": 552,
    "question": "Which of the following sentences fits to the picture?\n<image1>",
    "options": "['There are equally many circles as squares.'\n 'There are fewer circles than triangles.'\n 'There are twice as many circles as triangles.'\n 'There are more squares than triangles.'\n 'There are two more triangles than circles.']",
    "image": "images/552.jpg",
    "answer": "C",
    "solution": NaN,
    "level": 2,
    "subject": "counting",
    "folder_id": "49",
    "image_path": [
        "/49/552_rotate_90.jpg",
        "/49/552.jpg"
    ]
}