{
    "id": 2492,
    "question": "In the plane figure shown below, $3$ of the unit squares have been shaded. What is the least number of additional unit squares that must be shaded so that the resulting figure has two lines of symmetry$?$\n\n<image1>",
    "options": "[]",
    "image": "images/2492.jpg",
    "answer": "7",
    "solution": NaN,
    "level": 5,
    "subject": "combinatorial geometry",
    "folder_id": "259",
    "image_path": [
        "/259/2492_rotate_90.jpg",
        "/259/2492.jpg"
    ]
}