{
    "id": 232,
    "question": "A barcode as pictured is made up of alternate black and white stripes. The code always starts and ends with a black stripee. Each strip (black or white) has the width 1 or 2 and the total width of the barcode is 12. How many different barcodes if this kind are there if one reads from left to right?\n<image1>",
    "options": "[]",
    "image": "images/232.jpg",
    "answer": "116",
    "solution": NaN,
    "level": 5,
    "subject": "combinatorics",
    "folder_id": "17",
    "image_path": [
        "/17/232_rotate_90.jpg",
        "/17/232.jpg"
    ]
}