{
    "id": 1980,
    "question": "A large square of side-length $10 \\mathrm{~cm}$ contains a smaller square of side-length $4 \\mathrm{~cm}$, as shown in the diagram. The corresponding sides of the two squares are parallel. What percentage of the area of the large square is shaded? <image1>",
    "options": "['$25 \\\\%$' '$30 \\\\%$' '$40 \\\\%$' '$42 \\\\%$' '$45 \\\\%$']",
    "image": "images/1980.jpg",
    "answer": "D",
    "solution": "The length of the big square is $10 \\mathrm{~cm}$ and of the smaller is $4 \\mathrm{~cm}$. The total height of the shaded regions is 6 . Hence the total area of the two trapezoids combined is $\\frac{10+4}{2} \\times 6=42 \\mathrm{~cm}^{2}$. Since the total area is $100 \\mathrm{~cm}^{2}$ this is $42 \\%$.",
    "level": 4,
    "subject": "metric geometry - area",
    "folder_id": "228",
    "image_path": [
        "/228/1980_rotate_90.jpg",
        "/228/1980.jpg"
    ]
}