{
    "id": 1552,
    "question": "How many different squares can be drawn in total by joining the dots with line segments in the part of the square lattice as shown on the right? <image1>",
    "options": "[]",
    "image": "images/1552.jpg",
    "answer": "4",
    "solution": "There are four possible squares:  ![](https://cdn.mathpix.com/cropped/2023_12_27_0f4ed2787981bb911326g-080.jpg?height=146&width=708&top_left_y=641&top_left_x=1071)",
    "level": 4,
    "subject": "combinatorial geometry",
    "folder_id": "476",
    "image_path": [
        "/476/1552_flip_vertically.jpg",
        "/476/1552.jpg"
    ]
}