{
    "id": 1898,
    "question": "The big wheel of this penny-farthing bicycle has perimeter 4.2 metres. The small wheel has perimeter 0.9 metres. At a certain moment, the valves of both wheels are at their lowest points. The bicycle begins to roll.\nHow many metres will the bicycle have rolled forward when both valves are next at their lowest points at the same time?\n<image1>",
    "options": "[]",
    "image": "images/1898.jpg",
    "answer": "12.6",
    "solution": "Note that $4.2=14 \\times 0.3$ and that $0.9=3 \\times 0.3$. So to determine when the valves are next at their lowest point at the same time we need the lowest common multiple (LCM) of 14 and 3. As these two numbers are coprime, their LCM is their product, that is 42 . So the required distance is $42 \\times 0.3 \\mathrm{~m}=12.6 \\mathrm{~m}$.",
    "level": 4,
    "subject": "transformation geometry",
    "folder_id": "518",
    "image_path": [
        "/518/1898_flip_vertically.jpg",
        "/518/1898.jpg"
    ]
}