{
    "id": 1857,
    "question": "Four cubes, each with surface area $24 \\mathrm{~cm}^{2}$, are placed together to form a cuboid as shown. What is the surface area of this cuboid, in $\\mathrm{cm}^{2}$ ? <image1>",
    "options": "[]",
    "image": "images/1857.jpg",
    "answer": "64",
    "solution": "Each cube has six identical faces, so the area of each face is $24 \\div 6=4 \\mathrm{~cm}^{2}$. The cuboid has 16 such faces on its surface so has surface area $16 \\times 4=64 \\mathrm{~cm}^{2}$.",
    "level": 2,
    "subject": "solid geometry",
    "folder_id": "513",
    "image_path": [
        "/513/1857_flip_vertically.jpg",
        "/513/1857.jpg"
    ]
}