{
    "id": 2803,
    "question": "In the star shaped figure below, if all side lengths are equal to $3$ and the three largest angles of the figure are $210$ degrees, its area can be expressed as $\\frac{a \\sqrt{b}}{c}$ , where $a, b$, and $c$ are positive integers such that $a$ and $c$ are relatively prime and that $b$ is square-free. Compute $a + b + c$.\\n<image1>",
    "options": "[]",
    "image": "images/2803.jpg",
    "answer": "14",
    "solution": " We split the figure into one small equilateral triangle and three $30-75-75$ triangles. The area of the $30-75-75$ triangles is $\\frac{1}{2} 3 \\cdot 3 \\sin \\left(30^{\\circ}\\right)=\\frac{9}{4}$. The side length of the equilateral triangle is $2 \\cdot 3 \\sin \\left(15^{\\circ}\\right)=\\frac{3(\\sqrt{6}-\\sqrt{2})}{2}$. Thus, the total area is\\n$$\\n3 \\cdot \\frac{9}{4}+\\frac{\\left(\\frac{3(\\sqrt{6}-\\sqrt{2})}{2}\\right)^2 \\sqrt{3}}{2}=\\frac{9 \\sqrt{3}}{2}\\n$$\\nand our answer is 14 .",
    "level": 5,
    "subject": "metric geometry - area",
    "folder_id": "289",
    "image_path": [
        "/289/2803_rotate_90.jpg",
        "/289/2803.jpg"
    ]
}