{
    "id": 2953,
    "question": "A square is divided, as shown. What fraction of the area of the square is shaded? Express your answer as a fraction. <image1>",
    "options": "[]",
    "image": "images/2953.jpg",
    "answer": "\\frac{3}{16}",
    "solution": "Since we are dealing with fractions of the whole area, we may make the side of the square any convenient value. Let us assume that the side length of the square is $4.$ Therefore, the area of the whole square is $4 \\times 4 = 16.$\n\nThe two diagonals of the square divide it into four pieces of equal area so that each piece has area $16 \\div 4 = 4.$\n\nThe shaded area is made up from the \"right\" quarter of the square with a small triangle removed, and so has area equal to $4$ minus the area of this small triangle. This small triangle is half of a larger triangle. [asy]\nsize(50);\nfill((0,0)--(-1,-1)--(-2,0)--cycle,gray);\ndraw((0,0)--(0,-2)--(-2,0)--cycle,linewidth(1));\ndraw((-1,-1)--(0,0),linewidth(1));\ndraw((0,-.2)--(-.2,-.2)--(-.2,0),linewidth(1));\nlabel(\"2\",(-1,0),N);\nlabel(\"2\",(0,-1),E);\n[/asy] This larger triangle has its base and height each equal to half of the side length of the square (so equal to $2$) and has a right angle. So the area of this larger triangle is $\\frac{1}{2} \\times 2 \\times 2 = 2.$\n\nSo the area of the small triangle is $\\frac{1}{2} \\times 2 = 1,$ and so the area of the shaded region is $4-1=3.$\n\nTherefore, the shaded area is $\\boxed{\\frac{3}{16}}$ of the area of the whole square.",
    "level": 1,
    "subject": "metric geometry - area",
    "folder_id": "300",
    "image_path": [
        "/300/2953_rotate_90.jpg",
        "/300/2953.jpg"
    ]
}