{
    "id": 2196,
    "question": "A rectangular piece of paper whose length is $\\sqrt{3}$ times the width has area $A$. The paper is divided into equal sections along the opposite lengths, and then a dotted line is drawn from the first divider to the second divider on the opposite side as shown. The paper is then folded flat along this dotted line to create a new shape with area $B$. What is the ratio $B:A$?\n\n<image1>",
    "options": "['1:2' '3:5' '2:3' '3:4' '4:5']",
    "image": "images/2196.jpg",
    "answer": "C",
    "solution": NaN,
    "level": 4,
    "subject": "transformation geometry",
    "folder_id": "246",
    "image_path": [
        "/246/2196_rotate_90.jpg",
        "/246/2196.jpg"
    ]
}