{
    "id": 1554,
    "question": "A shape is made by cutting all the corners off a cube, as shown in the diagram. How many edges does the shape have? <image1>",
    "options": "[]",
    "image": "images/1554.jpg",
    "answer": "36",
    "solution": "A cube has 12 edges, but truncating each of the 8 corners will create 3 extra edges at each one. Hence the new shape has $12+8 \\times 3=36$ edges.",
    "level": 4,
    "subject": "solid geometry",
    "folder_id": "477",
    "image_path": [
        "/477/1554_flip_vertically.jpg",
        "/477/1554.jpg"
    ]
}