{
    "pid": 1926,
    "question": "Subtract all tiny blue shiny balls. Subtract all small purple rubber cylinders. How many objects are left?",
    "image": "images/1926.jpg",
    "choices": NaN,
    "unit": NaN,
    "precision": NaN,
    "question_type": "free_form",
    "answer_type": "integer",
    "metadata": "{'category': 'math-targeted-vqa', 'context': 'synthetic scene', 'grade': 'elementary school', 'img_height': 240, 'img_width': 320, 'language': 'english', 'skills': array(['arithmetic reasoning'], dtype=object), 'source': 'CLEVR-Math', 'split': 'test', 'task': 'math word problem'}",
    "query": "Hint: Please answer the question requiring an integer answer and provide the final value, e.g., 1, 2, 3, at the end.\nQuestion: Subtract all tiny blue shiny balls. Subtract all small purple rubber cylinders. How many objects are left?",
    "answer": "6",
    "folder_id": "242",
    "image_path": [
        "/242/1926_flip_vertically.jpg",
        "/242/1926.jpg"
    ]
}