{
    "id": 1095,
    "question": "Triangle $A B C$ is equilateral and has area 9. The dividing lines are parallel to the sides, and divide the sides into three equal lengths. What is the area of the grey shaded part of the triangle?\n<image1>",
    "options": "[]",
    "image": "images/1095.jpg",
    "answer": "6",
    "solution": NaN,
    "level": 4,
    "subject": "combinatorial geometry",
    "folder_id": "107",
    "image_path": [
        "/107/1095_rotate_90.jpg",
        "/107/1095.jpg"
    ]
}