{
    "id": 1530,
    "question": "Five straight lines intersect at a common point and five triangles are constructed as shown. What is the total of the 10 angles marked on the diagram? <image1>",
    "options": "['$300^{\\\\circ}$' '$450^{\\\\circ}$' '$360^{\\\\circ}$' '$600^{\\\\circ}$'\n '$720^{\\\\circ}$']",
    "image": "images/1530.jpg",
    "answer": "E",
    "solution": "The sum of the fifteen angles in the five triangles is $5 \\times 180^{\\circ}=900^{\\circ}$. The sum of the unmarked central angles in the five triangles is $180^{\\circ}$, since each can be paired with the angle between the two triangles opposite. Thus the sum of the marked angles is $900^{\\circ}-180^{\\circ}=720^{\\circ}$.",
    "level": 5,
    "subject": "metric geometry - angle",
    "folder_id": "472",
    "image_path": [
        "/472/1530_flip_vertically.jpg",
        "/472/1530.jpg"
    ]
}