{
    "id": 1958,
    "question": "Five line segments are drawn inside a rectangle as shown.\n<image1>\nWhat is the sum of the six marked angles?",
    "options": "['$360^{\\\\circ}$' '$720^{\\\\circ}$' '$900^{\\\\circ}$' '$1080^{\\\\circ}$'\n '$1120^{\\\\circ}$']",
    "image": "images/1958.jpg",
    "answer": "D",
    "solution": "The six marked angles, together with the 4 right angles of the rectangle, are the 10 interior angles of a decagon. Since angles in a decagon add up to $(10-2) \\times 180^{\\circ}=8 \\times 180^{\\circ}$, the six marked angles add up to $(8 \\times 180-4 \\times 90)^{\\circ}=6 \\times 180^{\\circ}=1080^{\\circ}$.",
    "level": 2,
    "subject": "metric geometry - angle",
    "folder_id": "224",
    "image_path": [
        "/224/1958_rotate_90.jpg",
        "/224/1958.jpg"
    ]
}