{
    "id": 890,
    "question": "In the diagram the circles represent light bulbs which are connected to some other light bulbs. Initially all light bulbs are switched off. If you touch a light bulb then that light bulb and all directly adjacent light bulbs switch themselves on. What is the minimum number of light bulbs you have to touch in order to switch on all the light bulbs?\n<image1>",
    "options": "[]",
    "image": "images/890.jpg",
    "answer": "2",
    "solution": NaN,
    "level": 2,
    "subject": "graph theory",
    "folder_id": "396",
    "image_path": [
        "/396/890_flip_vertically.jpg",
        "/396/890.jpg"
    ]
}