{
    "id": 1024,
    "question": "The solid in the picture is created from two cubes. The small cube with edges $1 \\mathrm{~cm}$ long is placed on the top of a bigger cube with edges $3 \\mathrm{~cm}$ long. What is the surface area of this solid?\n<image1>",
    "options": "['$56 \\\\mathrm{~cm}^{2}$' '$58 \\\\mathrm{~cm}^{2}$'\n '$59 \\\\mathrm{~cm}^{2}$' '$60 \\\\mathrm{~cm}^{2}$'\n '$64 \\\\mathrm{~cm}^{2}$']",
    "image": "images/1024.jpg",
    "answer": "B",
    "solution": NaN,
    "level": 4,
    "subject": "solid geometry",
    "folder_id": "401",
    "image_path": [
        "/401/1024_flip_vertically.jpg",
        "/401/1024.jpg"
    ]
}