{
    "id": 254,
    "question": "An equilateral triangle is being rolled around a unit square as shown. How long is the path that the point shown covers, if the point and the triangle are both back at the start for the first time?\n<image1>",
    "options": "['$4 \\\\pi$' '$\\\\frac{28}{3} \\\\pi$' '$8 \\\\pi$' '$\\\\frac{14}{3} \\\\pi$'\n '$\\\\frac{21}{2} \\\\pi$']",
    "image": "images/254.jpg",
    "answer": "B",
    "solution": NaN,
    "level": 5,
    "subject": "transformation geometry",
    "folder_id": "19",
    "image_path": [
        "/19/254_rotate_90.jpg",
        "/19/254.jpg"
    ]
}