{
    "id": 2355,
    "question": "Pegs are put in a board $ 1$ unit apart both horizontally and vertically.  A reubber band is stretched over $ 4$ pegs as shown in the figure, forming a quadrilateral.  Its area in square units is\n\n<image1>",
    "options": "[]",
    "image": "images/2355.jpg",
    "answer": "6",
    "solution": NaN,
    "level": 5,
    "subject": "combinatorial geometry",
    "folder_id": "549",
    "image_path": [
        "/549/2355_flip_vertically.jpg",
        "/549/2355.jpg"
    ]
}