{
    "id": 1292,
    "question": "A flag consists of three stripes of equal width, which are divided into two, three and four equal parts, respectively. What fraction of the area of the flag is coloured grey?\n<image1>",
    "options": "['$\\\\frac{1}{2}$' '$\\\\frac{2}{3}$' '$\\\\frac{3}{5}$' '$\\\\frac{4}{7}$'\n '$\\\\frac{5}{9}$']",
    "image": "images/1292.jpg",
    "answer": "E",
    "solution": NaN,
    "level": 4,
    "subject": "arithmetic",
    "folder_id": "437",
    "image_path": [
        "/437/1292_flip_vertically.jpg",
        "/437/1292.jpg"
    ]
}