{
    "id": 789,
    "question": "Lydia draws a flower with 5 petals. She wants to colour in the flower using the colours white and black. How many different flowers can she draw with these two colours if the flower can also be just one colour?\n<image1>",
    "options": "[]",
    "image": "images/789.jpg",
    "answer": "8",
    "solution": NaN,
    "level": 2,
    "subject": "graph theory",
    "folder_id": "382",
    "image_path": [
        "/382/789_flip_vertically.jpg",
        "/382/789.jpg"
    ]
}