{
    "id": 1720,
    "question": "The diagram on the right shows a large triangle divided up into squares and triangles. $S$ is the number of squares of any size in the diagram and $T$ is the number of triangles of any size in the diagram. What is the value of $S \\times T$ ?\n<image1>",
    "options": "[]",
    "image": "images/1720.jpg",
    "answer": "70",
    "solution": "In the diagram, there are six $1 \\times 1$ squares and one $2 \\times 2$ square. There are also four triangles that are half of a $1 \\times 1$ square, three triangles that are half of a $2 \\times 2$ square, two triangles that are half of a $3 \\times 3$ square and one triangle that is half of a $4 \\times 4$ square. Hence $S=7$ and $T=10$ so $S \\times T=70$.",
    "level": 3,
    "subject": "combinatorics",
    "folder_id": "188",
    "image_path": [
        "/188/1720_rotate_90.jpg",
        "/188/1720.jpg"
    ]
}