{
    "id": 1383,
    "question": "In the diagram Karl wants to add lines joining two of the marked points at a time, so that each of the seven marked points is joined to the same number of other marked points. What is the minimum number of lines he must draw?\n<image1>",
    "options": "[]",
    "image": "images/1383.jpg",
    "answer": "9",
    "solution": NaN,
    "level": 4,
    "subject": "graph theory",
    "folder_id": "144",
    "image_path": [
        "/144/1383_rotate_90.jpg",
        "/144/1383.jpg"
    ]
}