{
    "pid": 5541,
    "question": "How many triangles are in the picture?",
    "image": "images/5541.jpg",
    "choices": NaN,
    "unit": NaN,
    "precision": NaN,
    "question_type": "free_form",
    "answer_type": "integer",
    "metadata": "{'category': 'math-targeted-vqa', 'context': 'puzzle test', 'grade': 'elementary school', 'img_height': 438, 'img_width': 692, 'language': 'english', 'skills': array(['geometry reasoning', 'logical reasoning'], dtype=object), 'source': 'IQTest', 'split': 'test', 'task': 'figure question answering'}",
    "query": "Hint: Please answer the question requiring an integer answer and provide the final value, e.g., 1, 2, 3, at the end.\nQuestion: How many triangles are in the picture?",
    "answer": "9",
    "folder_id": "185",
    "image_path": [
        "/185/5541_rotate_90.jpg",
        "/185/5541.jpg"
    ]
}