{
    "pid": 3029,
    "question": "Subtract all tiny yellow rubber cubes. Subtract all tiny purple spheres. How many objects are left?",
    "image": "images/3029.jpg",
    "choices": NaN,
    "unit": NaN,
    "precision": NaN,
    "question_type": "free_form",
    "answer_type": "integer",
    "metadata": "{'category': 'math-targeted-vqa', 'context': 'synthetic scene', 'grade': 'elementary school', 'img_height': 240, 'img_width': 320, 'language': 'english', 'skills': array(['arithmetic reasoning'], dtype=object), 'source': 'CLEVR-Math', 'split': 'test', 'task': 'math word problem'}",
    "query": "Hint: Please answer the question requiring an integer answer and provide the final value, e.g., 1, 2, 3, at the end.\nQuestion: Subtract all tiny yellow rubber cubes. Subtract all tiny purple spheres. How many objects are left?",
    "answer": "8",
    "folder_id": "82",
    "image_path": [
        "/82/3029_rotate_90.jpg",
        "/82/3029.jpg"
    ]
}