{
    "id": 1402,
    "question": "We consider a $5 \\times 5$ square that is split up into 25 fields. Initially all fields are white. In each move it is allowed to change the colour of two fields that are horizontally or vertically adjacent (i.e. white fields turn black and black ones turn white). What is the smallest number of moves needed to obtain the chessboard colouring shown in the diagram?\n<image1>",
    "options": "[]",
    "image": "images/1402.jpg",
    "answer": "12",
    "solution": NaN,
    "level": 4,
    "subject": "graph theory",
    "folder_id": "149",
    "image_path": [
        "/149/1402_rotate_90.jpg",
        "/149/1402.jpg"
    ]
}