{
    "id": 184,
    "question": "We consider the perimeter and the area of the region corresponding to the grey squares. How many more squares can we colour grey for the grey area to increase without increasing its perimeter?\n<image1>",
    "options": "[]",
    "image": "images/184.jpg",
    "answer": "16",
    "solution": NaN,
    "level": 5,
    "subject": "combinatorial geometry",
    "folder_id": "323",
    "image_path": [
        "/323/184_flip_vertically.jpg",
        "/323/184.jpg"
    ]
}