{
    "id": 579,
    "question": "As seen in the diagram, 3 darts are flying towards 9 fixed balloons. If a balloon is hit by a dart, it bursts and the dart continues in the same direction it had beforehand. How many balloons are hit by the darts?\n<image1>",
    "options": "[]",
    "image": "images/579.jpg",
    "answer": "6",
    "solution": NaN,
    "level": 2,
    "subject": "counting",
    "folder_id": "364",
    "image_path": [
        "/364/579_flip_vertically.jpg",
        "/364/579.jpg"
    ]
}