{
    "id": 1640,
    "question": "The diagram shows four overlapping hearts. The areas of the hearts are $1 \\mathrm{~cm}^{2}, 4 \\mathrm{~cm}^{2}, 9 \\mathrm{~cm}^{2}$ and $16 \\mathrm{~cm}^{2}$. What is the total shaded area? <image1>",
    "options": "['$9 \\\\mathrm{~cm}^{2}$' '$10 \\\\mathrm{~cm}^{2}$' '$11 \\\\mathrm{~cm}^{2}$'\n '$12 \\\\mathrm{~cm}^{2}$' '$13 \\\\mathrm{~cm}^{2}$']",
    "image": "images/1640.jpg",
    "answer": "B",
    "solution": "Since the areas of the four hearts are $1 \\mathrm{~cm}^{2}, 4 \\mathrm{~cm}^{2}, 9 \\mathrm{~cm}^{2}$ and $16 \\mathrm{~cm}^{2}$, the outer and inner shaded regions have areas $16 \\mathrm{~cm}^{2}-9 \\mathrm{~cm}^{2}=7 \\mathrm{~cm}^{2}$ and $4 \\mathrm{~cm}^{2}-1 \\mathrm{~cm}^{2}=3 \\mathrm{~cm}^{2}$ respectively. Therefore the total shaded area is $7 \\mathrm{~cm}^{2}+3 \\mathrm{~cm}^{2}=10 \\mathrm{~cm}^{2}$.",
    "level": 3,
    "subject": "metric geometry - area",
    "folder_id": "181",
    "image_path": [
        "/181/1640_rotate_90.jpg",
        "/181/1640.jpg"
    ]
}