{
    "pid": 5134,
    "question": "Subtract all purple cubes. Subtract all yellow objects. How many objects are left?",
    "image": "images/5134.jpg",
    "choices": NaN,
    "unit": NaN,
    "precision": NaN,
    "question_type": "free_form",
    "answer_type": "integer",
    "metadata": "{'category': 'math-targeted-vqa', 'context': 'synthetic scene', 'grade': 'elementary school', 'img_height': 240, 'img_width': 320, 'language': 'english', 'skills': array(['arithmetic reasoning'], dtype=object), 'source': 'CLEVR-Math', 'split': 'test', 'task': 'math word problem'}",
    "query": "Hint: Please answer the question requiring an integer answer and provide the final value, e.g., 1, 2, 3, at the end.\nQuestion: Subtract all purple cubes. Subtract all yellow objects. How many objects are left?",
    "answer": "4",
    "folder_id": "358",
    "image_path": [
        "/358/5134_flip_vertically.jpg",
        "/358/5134.jpg"
    ]
}