{
    "id": 1781,
    "question": "A map of Wonderland shows five cities. Each city is joined to every other city by a road. Alice's map, as shown, is incomplete. How many roads are missing? <image1>",
    "options": "[]",
    "image": "images/1781.jpg",
    "answer": "3",
    "solution": "Alice's map shows seven roads. Each of the five cities is joined to four other cities. This suggests that $5 \\times 4=20$ roads are required but this calculation counts each road twice, so 10 roads are required. Therefore there are three roads missing from Alice's map.",
    "level": 2,
    "subject": "graph theory",
    "folder_id": "495",
    "image_path": [
        "/495/1781_flip_vertically.jpg",
        "/495/1781.jpg"
    ]
}