{
    "id": 1387,
    "question": "The grey areas of the square with side length $a$ are bounded by a semi-circle and two quarter-circles respectively. What is their total area?\n<image1>",
    "options": "['$\\\\frac{\\\\pi a^{2}}{8}$' '$\\\\frac{a^{2}}{2}$' '$\\\\frac{\\\\pi a^{2}}{2}$'\n '$\\\\frac{a^{2}}{4}$' '$\\\\frac{\\\\pi a^{2}}{4}$']",
    "image": "images/1387.jpg",
    "answer": "B",
    "solution": NaN,
    "level": 4,
    "subject": "metric geometry - area",
    "folder_id": "146",
    "image_path": [
        "/146/1387_rotate_90.jpg",
        "/146/1387.jpg"
    ]
}