{
    "id": 372,
    "question": "The diagram shows a map with 16 towns which are connected via roads. The government is planning to build power plants in some towns. Each power plant can generate enough electricity for the town in which it stands as well as for its immediate neighbouring towns (i.e. towns that can be reached via a direct connecting road). What is the minimum number of power plants that have to be built?\n<image1>",
    "options": "[]",
    "image": "images/372.jpg",
    "answer": "4",
    "solution": NaN,
    "level": 5,
    "subject": "graph theory",
    "folder_id": "342",
    "image_path": [
        "/342/372_flip_vertically.jpg",
        "/342/372.jpg"
    ]
}