{
    "id": 1855,
    "question": "Three circular hoops are joined together so that they intersect at rightangles as shown. A ladybird lands on an intersection and crawls around the outside of the hoops by repeating this procedure: she travels along a quarter-circle, turns $90^{\\circ}$ to the right, travels along a quarter-circle and turns $90^{\\circ}$ to the left. Proceeding in this way, how many quarter-circles will she travel along before she first returns to her starting point? <image1>",
    "options": "[]",
    "image": "images/1855.jpg",
    "answer": "6",
    "solution": "We may suppose that the ant starts at the top. The diagram shows the six quarter-circles that she travels through before arriving back at the top.  ![](https://cdn.mathpix.com/cropped/2023_12_27_0f4ed2787981bb911326g-106.jpg?height=435&width=440&top_left_y=2321&top_left_x=1365)",
    "level": 2,
    "subject": "solid geometry",
    "folder_id": "208",
    "image_path": [
        "/208/1855_rotate_90.jpg",
        "/208/1855.jpg"
    ]
}