{
    "id": 2749,
    "question": "In the diagram below, a diameter of each of the two smaller circles is a radius of the larger circle. If the two smaller circles have a combined area of $1$ square unit, then what is the area of the shaded region, in square units?\n\n<image1>",
    "options": "['$\\\\frac{1}{4}$' '$\\\\frac{1}{3}$' '$\\\\frac{1}{2}$' '$1$'\n '$\\\\frac{\\\\pi}{2}$']",
    "image": "images/2749.jpg",
    "answer": "D",
    "solution": NaN,
    "level": 3,
    "subject": "metric geometry - area",
    "folder_id": "286",
    "image_path": [
        "/286/2749_rotate_90.jpg",
        "/286/2749.jpg"
    ]
}