{
    "id": 1647,
    "question": "Stan had 125 small cubes. He glued some of them together to form a large cube with nine tunnels, each perpendicular to two opposite faces and passing through the cube, as shown in the diagram.\nHow many of the small cubes did he not use? <image1>",
    "options": "[]",
    "image": "images/1647.jpg",
    "answer": "39",
    "solution": "Each of the nine tunnels in Stan's cube is five cubes long. However, the three tunnels starting nearest to the top front vertex of the cube all intersect one cube in. Similarly, the three tunnels starting at the centres of the faces all intersect at the centre of the large cube and the final three tunnels all intersect one cube in from the other end to that shown. Hence the number of small cubes not used is $9 \\times 5-3 \\times 2=45-6=39$.",
    "level": 4,
    "subject": "solid geometry",
    "folder_id": "488",
    "image_path": [
        "/488/1647_flip_vertically.jpg",
        "/488/1647.jpg"
    ]
}