{
    "id": 1550,
    "question": "Marta wants to use 16 square tiles like the one shown to form a $4 \\times 4$ square design. The tiles may be turned. Each arc bisects the sides it meets and has length $p \\mathrm{~cm}$. She is trying to make the arcs connect to make a long path. What is the length, in centimetres, of the longest possible path? <image1>",
    "options": "['$15 p$' '$20 p$' '$21 p$' '$22 p$' '$25 p$']",
    "image": "images/1550.jpg",
    "answer": "D",
    "solution": "The diagram on the right shows one way to join 22 arcs for a total length of $22 p \\mathrm{~cm}$. This is the maximal length as, in order to use as many as possible of the 32 arcs, one cannot use 4 of the corners or more than 2 of the arcs in touching the outside of the square.  ![](https://cdn.mathpix.com/cropped/2023_12_27_0f4ed2787981bb911326g-068.jpg?height=228&width=223&top_left_y=540&top_left_x=1565)  [Alternatively: Each edge tile has at least 1 arc meeting the edge. Thus there are at least 12 such arcs. Of these no more than 2 can belong to a path, because each is an end of that path. Thus $22 p$ is the maximum feasible length: and such a path is shown above.]",
    "level": 2,
    "subject": "metric geometry - length",
    "folder_id": "475",
    "image_path": [
        "/475/1550_flip_vertically.jpg",
        "/475/1550.jpg"
    ]
}