{
    "id": 760,
    "question": "In a shop selling toys a four-storey black and white \"brickflower\" is displayed (see picture on the left). Each storey is made of bricks of the same colour. In the picture on the right, the flower is shown from the top. How many white bricks were used to make the flower?\n<image1>",
    "options": "[]",
    "image": "images/760.jpg",
    "answer": "14",
    "solution": NaN,
    "level": 5,
    "subject": "descriptive geometry",
    "folder_id": "379",
    "image_path": [
        "/379/760_flip_vertically.jpg",
        "/379/760.jpg"
    ]
}