{
    "id": 352,
    "question": "A large square is divided into smaller squares, as shown. A shaded circle is inscribed inside each of the smaller squares. What proportion of the area of the large square is shaded?\n<image1>",
    "options": "['$\\\\frac{8 \\\\pi}{9}$' '$\\\\frac{13 \\\\pi}{16}$' '$\\\\frac{3}{\\\\pi}$'\n '$\\\\frac{3}{4}$' '$\\\\frac{\\\\pi}{4}$']",
    "image": "images/352.jpg",
    "answer": "E",
    "solution": NaN,
    "level": 5,
    "subject": "metric geometry - area",
    "folder_id": "30",
    "image_path": [
        "/30/352_rotate_90.jpg",
        "/30/352.jpg"
    ]
}