{
    "id": 331,
    "question": "The points of intersection of the network of bars shown are labelled with the numbers 1 to 10. The sums $S$ of the four numbers on the vertices of each square are\nall the same. What is the minimum value of $S$?\n<image1>",
    "options": "[]",
    "image": "images/331.jpg",
    "answer": "20",
    "solution": NaN,
    "level": 5,
    "subject": "algebra",
    "folder_id": "26",
    "image_path": [
        "/26/331_rotate_90.jpg",
        "/26/331.jpg"
    ]
}