{
    "id": 1253,
    "question": "The diagram shows a grey rectangle that lies within a bigger rectangle which sides it touches. Two corner points of the grey rectangle are the midpoints of the shorter sides of the bigger rectangle. The grey rectangle is made up of three squares that each have an area of $25 \\mathrm{~cm}^{2}$. How big is the area of the bigger rectangle in $\\mathrm{cm}^{2}$ ? <image1>",
    "options": "[]",
    "image": "images/1253.jpg",
    "answer": "150",
    "solution": NaN,
    "level": 3,
    "subject": "metric geometry - area",
    "folder_id": "123",
    "image_path": [
        "/123/1253_rotate_90.jpg",
        "/123/1253.jpg"
    ]
}