{
    "id": 263,
    "question": "If one removes some $1 \\times 1 \\times 1$ cubes from a $5 \\times 5 \\times 5$ cube, you obtain the solid shown. It consists of several equally high pillars that are built upon a common base. How many little cubes have been removed?\n<image1>",
    "options": "[]",
    "image": "images/263.jpg",
    "answer": "64",
    "solution": NaN,
    "level": 3,
    "subject": "solid geometry",
    "folder_id": "330",
    "image_path": [
        "/330/263_flip_vertically.jpg",
        "/330/263.jpg"
    ]
}