{
    "id": 2136,
    "question": "Two distinct lines pass through the center of three concentric circles of radii $3$, $2$, and $1$. The area of the shaded region in the diagram is $8/13$ of the area of the unshaded region. What is the radian measure of the acute angle formed by the two lines? (Note: $\\pi$ radians is $180$ degrees.)\n\n<image1>",
    "options": "['$\\\\frac{\\\\pi}8$' '$\\\\frac{\\\\pi}7$' '$\\\\frac{\\\\pi}6$' '$\\\\frac{\\\\pi}5$'\n '$\\\\frac{\\\\pi}4$']",
    "image": "images/2136.jpg",
    "answer": "B",
    "solution": NaN,
    "level": 2,
    "subject": "metric geometry - angle",
    "folder_id": "242",
    "image_path": [
        "/242/2136_rotate_90.jpg",
        "/242/2136.jpg"
    ]
}