{
    "pid": 4414,
    "question": "How many buttons are there?",
    "image": "images/4414.jpg",
    "choices": NaN,
    "unit": NaN,
    "precision": NaN,
    "question_type": "free_form",
    "answer_type": "integer",
    "metadata": "{'category': 'math-targeted-vqa', 'context': 'abstract scene', 'grade': 'elementary school', 'img_height': 217, 'img_width': 462, 'language': 'english', 'skills': array(['arithmetic reasoning'], dtype=object), 'source': 'IconQA', 'split': 'test', 'task': 'math word problem'}",
    "query": "Hint: Please answer the question requiring an integer answer and provide the final value, e.g., 1, 2, 3, at the end.\nQuestion: How many buttons are there?",
    "answer": "20",
    "folder_id": "138",
    "image_path": [
        "/138/4414_rotate_90.jpg",
        "/138/4414.jpg"
    ]
}