{
    "pid": 4844,
    "question": "Subtract all brown matte cylinders. Subtract all large purple cylinders. How many objects are left?",
    "image": "images/4844.jpg",
    "choices": NaN,
    "unit": NaN,
    "precision": NaN,
    "question_type": "free_form",
    "answer_type": "integer",
    "metadata": "{'category': 'math-targeted-vqa', 'context': 'synthetic scene', 'grade': 'elementary school', 'img_height': 240, 'img_width': 320, 'language': 'english', 'skills': array(['arithmetic reasoning'], dtype=object), 'source': 'CLEVR-Math', 'split': 'test', 'task': 'math word problem'}",
    "query": "Hint: Please answer the question requiring an integer answer and provide the final value, e.g., 1, 2, 3, at the end.\nQuestion: Subtract all brown matte cylinders. Subtract all large purple cylinders. How many objects are left?",
    "answer": "9",
    "folder_id": "348",
    "image_path": [
        "/348/4844_flip_vertically.jpg",
        "/348/4844.jpg"
    ]
}