{
    "pid": 1487,
    "question": "What is the probability of the spinner landing on green?",
    "image": "images/1487.jpg",
    "choices": "['12%' '14.25%' '15.25%' '16.67%' '17.75%']",
    "unit": NaN,
    "precision": NaN,
    "question_type": "multi_choice",
    "answer_type": "text",
    "metadata": "{'category': 'math-targeted-vqa', 'context': 'puzzle test', 'grade': 'elementary school', 'img_height': 329, 'img_width': 311, 'language': 'english', 'skills': array(['statistical reasoning', 'logical reasoning'], dtype=object), 'source': 'IQTest', 'split': 'test', 'task': 'figure question answering'}",
    "query": "Hint: Please answer the question and provide the correct option letter, e.g., A, B, C, D, at the end.\nQuestion: What is the probability of the spinner landing on green?\nChoices:\n(A) 12%\n(B) 14.25%\n(C) 15.25%\n(D) 16.67%\n(E) 17.75%",
    "answer": "0.16666666666666666",
    "folder_id": "19",
    "image_path": [
        "/19/1487_rotate_90.jpg",
        "/19/1487.jpg"
    ]
}