{
    "id": 1306,
    "question": "A coin with diameter $1 \\mathrm{~cm}$ rolls around the contour outside of a regular hexagon with sides $1 \\mathrm{~cm}$ long, as shown. How long is the path traced by the centre of the coin (in $\\mathrm{cm}$ )?\n<image1>",
    "options": "['$6+\\\\frac{\\\\pi}{2}$' '$6+\\\\pi$' '$12+\\\\pi$' '$6+2 \\\\pi$' '$12+2 \\\\pi$']",
    "image": "images/1306.jpg",
    "answer": "B",
    "solution": NaN,
    "level": 4,
    "subject": "transformation geometry",
    "folder_id": "439",
    "image_path": [
        "/439/1306_flip_vertically.jpg",
        "/439/1306.jpg"
    ]
}