{
    "id": 1977,
    "question": "Cuthbert is going to make a cube with each face divided into four squares. Each square must have one shape drawn on it; either a cross, a triangle or a circle. Squares that share an edge must have different shapes on them. One possible cube is shown in the diagram. Which of the following combinations of crosses and triangles is possible on such a cube (with the other shapes being circles)?\n<image1>",
    "options": "['6 crosses, 8 triangles' '7 crosses, 8 triangles'\n '5 crosses, 8 triangles' '7 crosses, 7 triangles'\n 'none of these are possible']",
    "image": "images/1977.jpg",
    "answer": "E",
    "solution": "Each vertex of the cube consists of three squares each sharing a common edge with the other two. Hence each vertex must have one of each shape drawn on its three squares. Since there are 8 vertices, there must be 8 of each shape. Hence none of the options listed is possible.",
    "level": 4,
    "subject": "combinatorics",
    "folder_id": "527",
    "image_path": [
        "/527/1977_flip_vertically.jpg",
        "/527/1977.jpg"
    ]
}