{
    "pid": 1348,
    "question": "Subtract all large cyan rubber cubes. Subtract all gray matte cubes. How many objects are left?",
    "image": "images/1348.jpg",
    "choices": NaN,
    "unit": NaN,
    "precision": NaN,
    "question_type": "free_form",
    "answer_type": "integer",
    "metadata": "{'category': 'math-targeted-vqa', 'context': 'synthetic scene', 'grade': 'elementary school', 'img_height': 240, 'img_width': 320, 'language': 'english', 'skills': array(['arithmetic reasoning'], dtype=object), 'source': 'CLEVR-Math', 'split': 'test', 'task': 'math word problem'}",
    "query": "Hint: Please answer the question requiring an integer answer and provide the final value, e.g., 1, 2, 3, at the end.\nQuestion: Subtract all large cyan rubber cubes. Subtract all gray matte cubes. How many objects are left?",
    "answer": "8",
    "folder_id": "222",
    "image_path": [
        "/222/1348_flip_vertically.jpg",
        "/222/1348.jpg"
    ]
}