{
    "id": 1364,
    "question": "The shape pictured, is made out of two squares with side lengths $4 \\mathrm{~cm}$ and $5 \\mathrm{~cm}$ respectively, a triangle with area $8 \\mathrm{~cm}^{2}$ and the grey parallelogram. What is the area of the parallelogram?\n<image1>",
    "options": "['$15 \\\\mathrm{~cm}^{2}$' '$16 \\\\mathrm{~cm}^{2}$'\n '$18 \\\\mathrm{~cm}^{2}$' '$20 \\\\mathrm{~cm}^{2}$'\n '$21 \\\\mathrm{~cm}^{2}$']",
    "image": "images/1364.jpg",
    "answer": "B",
    "solution": NaN,
    "level": 4,
    "subject": "metric geometry - area",
    "folder_id": "451",
    "image_path": [
        "/451/1364_flip_vertically.jpg",
        "/451/1364.jpg"
    ]
}