{
    "id": 1395,
    "question": "A $3 \\times 3$ field is made up of 9 unit squares. In two of these squares, circles are inscribed as shown in the diagram. How big is the shortest distance between these circles?\n<image1>",
    "options": "['$2 \\\\sqrt{2}-1$' '$\\\\sqrt{2+1}$' '$2 \\\\sqrt{2}$' '2' '3']",
    "image": "images/1395.jpg",
    "answer": "A",
    "solution": NaN,
    "level": 4,
    "subject": "metric geometry - length",
    "folder_id": "147",
    "image_path": [
        "/147/1395_rotate_90.jpg",
        "/147/1395.jpg"
    ]
}