{
    "id": 2178,
    "question": "Four identical squares and one rectangle are placed together to form one large square as shown. The length of the rectangle is how many times as large as its width?\n<image1>",
    "options": "['$\\\\frac{5}{4}$' '$\\\\frac{4}{3}$' '$\\\\frac{3}{2}$' '$2$' '$3$']",
    "image": "images/2178.jpg",
    "answer": "B",
    "solution": NaN,
    "level": 4,
    "subject": "metric geometry - length",
    "folder_id": "244",
    "image_path": [
        "/244/2178_rotate_90.jpg",
        "/244/2178.jpg"
    ]
}