{
    "id": 293,
    "question": "We consider a $5 \\times 5$ square that is split up into 25 fields. Initially all fields are white. In each move it is allowed to change the colour of three fields that are adjacent in a horizontal or vertical line (i.e. white fields turn black and black ones turn white). What is the smallest number of moves needed to obtain the chessboard colouring shown in the diagram?\n<image1>",
    "options": "['less than 10' '10' '12' 'more than 12'\n 'This colouring cannot be obtained.']",
    "image": "images/293.jpg",
    "answer": "A",
    "solution": NaN,
    "level": 5,
    "subject": "graph theory",
    "folder_id": "23",
    "image_path": [
        "/23/293_rotate_90.jpg",
        "/23/293.jpg"
    ]
}