{
    "id": 1063,
    "question": "In the box are seven blocks. It is possible to slide the blocks around so that another block can be added to the box. What is the minimum number of blocks that must be moved?\n<image1>",
    "options": "[]",
    "image": "images/1063.jpg",
    "answer": "3",
    "solution": NaN,
    "level": 3,
    "subject": "transformation geometry",
    "folder_id": "410",
    "image_path": [
        "/410/1063_flip_vertically.jpg",
        "/410/1063.jpg"
    ]
}