{
    "id": 1515,
    "question": "The diagram shows a net of a cube, with three dotted lines added. If you folded the net into a cube and then cut along the dotted lines you would have a hole in the cube. What would be the shape of the hole? <image1>",
    "options": "['an equilateral triangle' 'a rectangle, but not a square'\n 'a right-angled triangle' 'a square' 'a hexagon']",
    "image": "images/1515.jpg",
    "answer": "A",
    "solution": "The three dotted lines are equal in length, so the hole has three equal sides. The diagram shows the assembled cube with the hole removed.  ![](https://cdn.mathpix.com/cropped/2023_12_27_0f4ed2787981bb911326g-023.jpg?height=286&width=257&top_left_y=1028&top_left_x=1571)",
    "level": 4,
    "subject": "descriptive geometry",
    "folder_id": "164",
    "image_path": [
        "/164/1515_rotate_90.jpg",
        "/164/1515.jpg"
    ]
}