{
    "id": 275,
    "question": "A square bit of paper is folded along the dashed lines in some order and direction. One of the corners of the resulting small square is cut off. The piece of paper is then unfolded. How many holes are on the inner area of the piece of paper?\n<image1>",
    "options": "[]",
    "image": "images/275.jpg",
    "answer": "1",
    "solution": NaN,
    "level": 5,
    "subject": "transformation geometry",
    "folder_id": "21",
    "image_path": [
        "/21/275_rotate_90.jpg",
        "/21/275.jpg"
    ]
}