{
    "id": 1729,
    "question": "A piece of paper in the shape of a regular hexagon, as shown, is folded so that the three marked vertices meet at the centre $O$ of the hexagon. What is the shape of the figure that is formed? <image1>",
    "options": "['Six-pointed star' 'Dodecagon' 'Hexagon' 'Square' 'Equilateral Triangle']",
    "image": "images/1729.jpg",
    "answer": "E",
    "solution": "Label vertices $A, B, C, D, E, E$ and $F$ as shown. Since the hexagon is regular, it can be divided into six equilateral triangles as shown. Therefore quadrilateral $O A B C$ is a rhombus and hence its diagonal $A C$ is a line of symmetry. Therefore, if vertex $B$ is folded onto $O$, the fold will be along $A C$. Similarly, if vertices $D$ and $F$ are folded onto $O$, the  ![](https://cdn.mathpix.com/cropped/2023_12_27_9b94075f4aebf6f0284ag-1.jpg?height=277&width=309&top_left_y=2077&top_left_x=1459) folds will be along $C E$ and $E A$ respectively. Hence the figure that is formed will be a triangle and, since all three of the rhombuses $O A B C, O C D E$ and $O E F A$ are made out of two congruent equilateral triangles, the lengths of their diagonals $A C, C E$ and $E A$ will be equal. Hence the shape $A C E$ that is formed is an equilateral triangle.",
    "level": 1,
    "subject": "transformation geometry",
    "folder_id": "493",
    "image_path": [
        "/493/1729_flip_vertically.jpg",
        "/493/1729.jpg"
    ]
}