{
    "id": 832,
    "question": "A square with perimeter $48 \\mathrm{~cm}$ is cut into two equally big pieces with one cut. They are fitted together to make a rectangle as shown in the diagram. How big is the perimeter of that rectangle?\n<image1>",
    "options": "['$24 \\\\mathrm{~cm}$' '$30 \\\\mathrm{~cm}$' '$48 \\\\mathrm{~cm}$'\n '$60 \\\\mathrm{~cm}$' '$72 \\\\mathrm{~cm}$']",
    "image": "images/832.jpg",
    "answer": "D",
    "solution": NaN,
    "level": 1,
    "subject": "transformation geometry",
    "folder_id": "386",
    "image_path": [
        "/386/832_flip_vertically.jpg",
        "/386/832.jpg"
    ]
}