{
    "pid": 1935,
    "question": "How many square do you see?",
    "image": "images/1935.jpg",
    "choices": NaN,
    "unit": NaN,
    "precision": NaN,
    "question_type": "free_form",
    "answer_type": "integer",
    "metadata": "{'category': 'math-targeted-vqa', 'context': 'puzzle test', 'grade': 'elementary school', 'img_height': 704, 'img_width': 970, 'language': 'english', 'skills': array(['logical reasoning'], dtype=object), 'source': 'IQTest', 'split': 'test', 'task': 'figure question answering'}",
    "query": "Hint: Please answer the question requiring an integer answer and provide the final value, e.g., 1, 2, 3, at the end.\nQuestion: How many square do you see?",
    "answer": "28",
    "folder_id": "36",
    "image_path": [
        "/36/1935_rotate_90.jpg",
        "/36/1935.jpg"
    ]
}