{
    "pid": 3220,
    "question": "What fraction of the shape is blue?",
    "image": "images/3220.jpg",
    "choices": "['3/9' '1/9' '3/6' '2/8']",
    "unit": NaN,
    "precision": NaN,
    "question_type": "multi_choice",
    "answer_type": "text",
    "metadata": "{'category': 'math-targeted-vqa', 'context': 'abstract scene', 'grade': 'elementary school', 'img_height': 101, 'img_width': 101, 'language': 'english', 'skills': array(['arithmetic reasoning', 'statistical reasoning',\n       'geometry reasoning'], dtype=object), 'source': 'IconQA', 'split': 'test', 'task': 'math word problem'}",
    "query": "Hint: Please answer the question and provide the correct option letter, e.g., A, B, C, D, at the end.\nQuestion: What fraction of the shape is blue?\nChoices:\n(A) 3/9\n(B) 1/9\n(C) 3/6\n(D) 2/8",
    "answer": "0.3333333333333333",
    "folder_id": "291",
    "image_path": [
        "/291/3220_flip_vertically.jpg",
        "/291/3220.jpg"
    ]
}