{
    "id": 624,
    "question": "Paulo took a rectangular sheet of paper, yellow on one side and green on the other side and, with several folds shown in the dotted lines in the figure below, made a little paper plane. To give the airplane a charm, Paulo made a circular hole, marked on the last figure.\n<image1>\nAfter playing a lot with the plane, Paulo unfolded the sheet and realized that there were several holes in it. How many holes did he count?",
    "options": "[]",
    "image": "images/624.jpg",
    "answer": "8",
    "solution": NaN,
    "level": 5,
    "subject": "descriptive geometry",
    "folder_id": "55",
    "image_path": [
        "/55/624_rotate_90.jpg",
        "/55/624.jpg"
    ]
}