{
    "id": 2632,
    "question": "Each half of this figure is composed of 3 red triangles, 5 blue triangles and 8 white triangles. When the upper half is folded down over the centerline, 2 pairs of red triangles coincide, as do 3 pairs of blue triangles. There are 2 red-white pairs. How many white pairs coincide?\n\n<image1>",
    "options": "[]",
    "image": "images/2632.jpg",
    "answer": "5",
    "solution": NaN,
    "level": 3,
    "subject": "transformation geometry",
    "folder_id": "276",
    "image_path": [
        "/276/2632_rotate_90.jpg",
        "/276/2632.jpg"
    ]
}