{
    "id": 460,
    "question": "In his garden Tony made a pathway using 10 paving stones. Each paver was $4 \\mathrm{dm}$ wide and 6 dm long. He then drew a black line connecting the middle points of each paving stone. How long is the black line?\n<image1>",
    "options": "['$24 \\\\mathrm{dm}$' '$40 \\\\mathrm{dm}$' '$46 \\\\mathrm{dm}$'\n '$50 \\\\mathrm{dm}$' '$56 \\\\mathrm{dm}$']",
    "image": "images/460.jpg",
    "answer": "C",
    "solution": NaN,
    "level": 2,
    "subject": "combinatorial geometry",
    "folder_id": "350",
    "image_path": [
        "/350/460_flip_vertically.jpg",
        "/350/460.jpg"
    ]
}