{
    "id": 1055,
    "question": "The diagram opposite shows a regular nonagon. What is the size of the angle marked $\\mathrm{X}$?\n<image1>",
    "options": "['$40^{\\\\circ}$' '$45^{\\\\circ}$' '$50^{\\\\circ}$' '$55^{\\\\circ}$'\n '$60^{\\\\circ}$']",
    "image": "images/1055.jpg",
    "answer": "E",
    "solution": NaN,
    "level": 5,
    "subject": "metric geometry - angle",
    "folder_id": "408",
    "image_path": [
        "/408/1055_flip_vertically.jpg",
        "/408/1055.jpg"
    ]
}