{
    "id": 1793,
    "question": "What is the largest number of \" $\\mathrm{T}$ \" shaped pieces, as shown, that can be placed on the $4 \\times 5$ grid in the diagram, without any overlap of the pieces? <image1>",
    "options": "[]",
    "image": "images/1793.jpg",
    "answer": "4",
    "solution": "Colour the cells of the grid alternately black and white, as shown in the first diagram. Each \"T\" shaped piece fits over three cells of one colour and one of the other colour, as shown in the second diagram. Suppose that for one of the two colours, say white, there are three pieces each covering three cells of that colour. Since there are only ten white cells in  ![](https://cdn.mathpix.com/cropped/2023_12_27_cd50dd081de367811fcfg-04.jpg?height=208&width=272&top_left_y=661&top_left_x=1600) the grid, only one white cell is not covered by the three pieces. Hence, as each piece covers at least one white cell, at most one more piece could be placed on the grid. Therefore at most four pieces could be placed on the grid.  Alternatively, if there are no more than two \"T\" shaped pieces that each cover three white cells and no more than two that cover three black cells, then again there is a maximum of four \"T\" shaped pieces that could be placed on the grid.  ![](https://cdn.mathpix.com/cropped/2023_12_27_cd50dd081de367811fcfg-04.jpg?height=217&width=277&top_left_y=908&top_left_x=1598)  \\begin{tabular}{|l|l|l|l|l|} \\hline 1 & & 4 & 4 & 4 \\\\ \\hline 1 & 1 & & 4 & 3 \\\\ \\hline 1 & 2 & & 3 & 3 \\\\ \\hline 2 & 2 & 2 & & 3 \\\\ \\hline \\end{tabular}  The third diagram shows one of the many different possible ways in which four pieces could be placed, showing that it is possible to place four pieces on the grid.",
    "level": 2,
    "subject": "combinatorial geometry",
    "folder_id": "497",
    "image_path": [
        "/497/1793_flip_vertically.jpg",
        "/497/1793.jpg"
    ]
}