{
    "pid": 3296,
    "question": "The ratio of the measures of the angles of the triangle below is 3 : 2 : 1. Which of the following is not an angle measure of the triangle?",
    "image": "images/3296.jpg",
    "choices": "['30' '45' '60' '90']",
    "unit": NaN,
    "precision": NaN,
    "question_type": "multi_choice",
    "answer_type": "text",
    "metadata": "{'category': 'math-targeted-vqa', 'context': 'geometry diagram', 'grade': 'high school', 'img_height': 243, 'img_width': 482, 'language': 'english', 'skills': array(['algebraic reasoning', 'geometry reasoning'], dtype=object), 'source': 'Geometry3K', 'split': 'test', 'task': 'geometry problem solving'}",
    "query": "Hint: Please answer the question and provide the correct option letter, e.g., A, B, C, D, at the end.\nQuestion: The ratio of the measures of the angles of the triangle below is 3 : 2 : 1. Which of the following is not an angle measure of the triangle?\nChoices:\n(A) 30\n(B) 45\n(C) 60\n(D) 90",
    "answer": "45",
    "folder_id": "94",
    "image_path": [
        "/94/3296_rotate_90.jpg",
        "/94/3296.jpg"
    ]
}