{
    "pid": 3355,
    "question": "What is the probability of the spinner landing on dark purple?",
    "image": "images/3355.jpg",
    "choices": "['8%' '10.25%' '12.5%' '16%' '20.5%']",
    "unit": NaN,
    "precision": NaN,
    "question_type": "multi_choice",
    "answer_type": "text",
    "metadata": "{'category': 'math-targeted-vqa', 'context': 'puzzle test', 'grade': 'elementary school', 'img_height': 339, 'img_width': 354, 'language': 'english', 'skills': array(['statistical reasoning', 'logical reasoning'], dtype=object), 'source': 'IQTest', 'split': 'test', 'task': 'figure question answering'}",
    "query": "Hint: Please answer the question and provide the correct option letter, e.g., A, B, C, D, at the end.\nQuestion: What is the probability of the spinner landing on dark purple?\nChoices:\n(A) 8%\n(B) 10.25%\n(C) 12.5%\n(D) 16%\n(E) 20.5%",
    "answer": "12.5",
    "folder_id": "98",
    "image_path": [
        "/98/3355_rotate_90.jpg",
        "/98/3355.jpg"
    ]
}