{
    "pid": 3582,
    "question": "How many triangles do you see?",
    "image": "images/3582.jpg",
    "choices": NaN,
    "unit": NaN,
    "precision": NaN,
    "question_type": "free_form",
    "answer_type": "integer",
    "metadata": "{'category': 'math-targeted-vqa', 'context': 'puzzle test', 'grade': 'elementary school', 'img_height': 826, 'img_width': 866, 'language': 'english', 'skills': array(['geometry reasoning', 'logical reasoning'], dtype=object), 'source': 'IQTest', 'split': 'test', 'task': 'figure question answering'}",
    "query": "Hint: Please answer the question requiring an integer answer and provide the final value, e.g., 1, 2, 3, at the end.\nQuestion: How many triangles do you see?",
    "answer": "12",
    "folder_id": "109",
    "image_path": [
        "/109/3582_rotate_90.jpg",
        "/109/3582.jpg"
    ]
}