{
    "id": 480,
    "question": "In each square of the maze there is a piece of cheese. Ronnie the mouse wants to enter and leave the maze as shown in the picture. He doesn't want to visit a square more than once, but would like to eat as much cheese as possible. What is the maximum number of pieces of cheese that he can eat?\n<image1>",
    "options": "[]",
    "image": "images/480.jpg",
    "answer": "37",
    "solution": NaN,
    "level": 2,
    "subject": "graph theory",
    "folder_id": "40",
    "image_path": [
        "/40/480_rotate_90.jpg",
        "/40/480.jpg"
    ]
}