{
    "id": 343,
    "question": "A circle is tangent to one side of a rectangle and passes through two of its vertices, as shown beside. A square of $20 \\mathrm{~cm}^{2}$ area has one side over the side of the rectangle and two vertices over the circle, as shown in the figure. What is the area of the rectangle?\n<image1>",
    "options": "['$40 \\\\mathrm{~cm}^{2}$' '$45 \\\\mathrm{~cm}^{2}$'\n '$50 \\\\mathrm{~cm}^{2}$' '$55 \\\\mathrm{~cm}^{2}$'\n '$60 \\\\mathrm{~cm}^{2}$']",
    "image": "images/343.jpg",
    "answer": "C",
    "solution": NaN,
    "level": 5,
    "subject": "metric geometry - area",
    "folder_id": "28",
    "image_path": [
        "/28/343_rotate_90.jpg",
        "/28/343.jpg"
    ]
}