{
    "id": 2854,
    "question": "An ant is standing at the bottom left corner of a $3$ by $3$ grid. How many ways can it get to the top right corner if it can only move up, right, and left, and it is not allowed to cross the same edge twice?\\n<image1>",
    "options": "[]",
    "image": "images/2854.jpg",
    "answer": "9",
    "solution": "If there are no left turns, it is easy to see that there are$$\\binom{4}{2}=6$$possible paths.\\n\\nIf there is a left turn, then there are $3$ possible paths (they can be easily listed out), so the answer is$$6+3=\\boxed{9}.$$",
    "level": 5,
    "subject": "graph theory",
    "folder_id": "292",
    "image_path": [
        "/292/2854_rotate_90.jpg",
        "/292/2854.jpg"
    ]
}