{
    "id": 1620,
    "question": "In the diagram, the centre of the top square is directly above the common edge of the lower two squares. Each square has sides of length $1 \\mathrm{~cm}$. What is the area of the shaded region? <image1>",
    "options": "['$\\\\frac{3}{4} \\\\mathrm{~cm}^{2}$' '$\\\\frac{7}{8} \\\\mathrm{~cm}^{2}$'\n '$1 \\\\mathrm{~cm}^{2}$' '$1 \\\\frac{1}{4} \\\\mathrm{~cm}^{2}$'\n '$1 \\\\frac{1}{2} \\\\mathrm{~cm}^{2}$']",
    "image": "images/1620.jpg",
    "answer": "C",
    "solution": "The centre of the top square is directly above the common edge of the lower two squares. Hence a rectangle half the size of the square, and so of area $\\frac{1}{2} \\mathrm{~cm}^{2}$, can be added to the diagram to form a right-angled triangle as shown. The area of the shaded region and the added rectangle is equal to $\\left(\\frac{1}{2} \\times 2 \\times 1 \\frac{1}{2}\\right) \\mathrm{cm}^{2}=1 \\frac{1}{2} \\mathrm{~cm}^{2}$.  ![](https://cdn.mathpix.com/cropped/2023_12_27_0f4ed2787981bb911326g-194.jpg?height=212&width=211&top_left_y=1690&top_left_x=1639) Hence the area of the shaded region, in $\\mathrm{cm}^{2}$, is $1 \\frac{1}{2}-\\frac{1}{2}=1$.",
    "level": 3,
    "subject": "metric geometry - area",
    "folder_id": "483",
    "image_path": [
        "/483/1620_flip_vertically.jpg",
        "/483/1620.jpg"
    ]
}