{
    "id": 194,
    "question": "In how many ways can all the numbers $1,2,3,4,5,6$ be written in the squares of the figure (one in each square) so that there are no adjacent squares in which the difference of the numbers written is equal to 3? (Squares that share only a corner are not considered adjacent.)\n<image1>",
    "options": "['$3 \\\\cdot 2^{5}$' '$3^{6}$' '$6^{3}$' '$2 \\\\cdot 3^{5}$'\n '$3 \\\\cdot 5^{2}$']",
    "image": "images/194.jpg",
    "answer": "A",
    "solution": NaN,
    "level": 5,
    "subject": "combinatorics",
    "folder_id": "324",
    "image_path": [
        "/324/194_flip_vertically.jpg",
        "/324/194.jpg"
    ]
}