{
    "id": 1700,
    "question": "The area of the intersection of a triangle and a circle is $45 \\%$ of the total area of the diagram. The area of the triangle outside the circle is $40 \\%$ of the total area of the diagram. What percentage of the circle lies outside the triangle? <image1>",
    "options": "['$20 \\\\%$' '$25 \\\\%$' '$30 \\\\%$' '$33 \\\\frac{1}{3} \\\\%$' '$35 \\\\%$']",
    "image": "images/1700.jpg",
    "answer": "B",
    "solution": "The area of the circle inside the triangle is $45 \\%$ of the total area of the diagram. The area of the circle outside the triangle is $(100-40-45) \\%=15 \\%$ of the total area of the diagram. Therefore, the percentage of the circle that lies outside the triangle is $\\frac{15}{15+45} \\times 100=25 \\%$.",
    "level": 3,
    "subject": "metric geometry - area",
    "folder_id": "186",
    "image_path": [
        "/186/1700_rotate_90.jpg",
        "/186/1700.jpg"
    ]
}