{
    "id": 879,
    "question": "A square floor is made up of triangular and square tiles in grey and white. What is the smallest number of grey tiles that have to be swapped with white tiles, so that the floor looks the same from all four given viewing directions?\n<image1>",
    "options": "['three triangles, one square' 'one triangle, three squares'\n 'one triangle, one square' 'three triangles, three squares'\n 'three triangles, two squares']",
    "image": "images/879.jpg",
    "answer": "C",
    "solution": NaN,
    "level": 5,
    "subject": "descriptive geometry",
    "folder_id": "395",
    "image_path": [
        "/395/879_flip_vertically.jpg",
        "/395/879.jpg"
    ]
}