{
    "id": 1622,
    "question": "One corner of a square is folded to its centre to form an irregular pentagon as shown in the diagram. The area of the square is 1 unit greater than the area of the pentagon. What is the area of the square? <image1>",
    "options": "[]",
    "image": "images/1622.jpg",
    "answer": "8",
    "solution": "The area of the darker triangle in the diagram is $\\frac{1}{8}$ of the area of the whole square and this also represents the difference between the area of the square and the area of the pentagon. Hence $\\frac{1}{8}$ of the area of the square is equal to 1 unit and so the area of the whole square is 8 units.",
    "level": 3,
    "subject": "transformation geometry",
    "folder_id": "177",
    "image_path": [
        "/177/1622_rotate_90.jpg",
        "/177/1622.jpg"
    ]
}