{
    "pid": 2110,
    "question": "Subtract all tiny cyan objects. Subtract all big blue metal objects. How many objects are left?",
    "image": "images/2110.jpg",
    "choices": NaN,
    "unit": NaN,
    "precision": NaN,
    "question_type": "free_form",
    "answer_type": "integer",
    "metadata": "{'category': 'math-targeted-vqa', 'context': 'synthetic scene', 'grade': 'elementary school', 'img_height': 240, 'img_width': 320, 'language': 'english', 'skills': array(['arithmetic reasoning'], dtype=object), 'source': 'CLEVR-Math', 'split': 'test', 'task': 'math word problem'}",
    "query": "Hint: Please answer the question requiring an integer answer and provide the final value, e.g., 1, 2, 3, at the end.\nQuestion: Subtract all tiny cyan objects. Subtract all big blue metal objects. How many objects are left?",
    "answer": "5",
    "folder_id": "41",
    "image_path": [
        "/41/2110_rotate_90.jpg",
        "/41/2110.jpg"
    ]
}