{
    "id": 1123,
    "question": "One corner of a square piece of paper is folded into the middle of the square That way an irregular pentagon is created. The numerical values of the areas of the Pentagon and the square are consecutive whole numbers. What is the area of the square?\n<image1>",
    "options": "[]",
    "image": "images/1123.jpg",
    "answer": "8",
    "solution": NaN,
    "level": 3,
    "subject": "transformation geometry",
    "folder_id": "419",
    "image_path": [
        "/419/1123_flip_vertically.jpg",
        "/419/1123.jpg"
    ]
}