{
    "id": 636,
    "question": "The sum of the points on the opposite sides of a common dice is 7 . This dice is placed in the first square as shown in the figure, and then rolled as shown in the figure, to the fifth square. When the dice reach the last square, what is the product of the numbers of points shown on the two colored vertical faces?\n<image1>",
    "options": "[]",
    "image": "images/636.jpg",
    "answer": "18",
    "solution": NaN,
    "level": 5,
    "subject": "solid geometry",
    "folder_id": "369",
    "image_path": [
        "/369/636_flip_vertically.jpg",
        "/369/636.jpg"
    ]
}