{
    "id": 2197,
    "question": "Doug constructs a square window using $8$ equal-size panes of glass, as shown. The ratio of the height to width for each pane is $5:2$, and the borders around and between the panes are $2$ inches wide. In inches, what is the side length o the square window?\n\n<image1>",
    "options": "[]",
    "image": "images/2197.jpg",
    "answer": "26",
    "solution": NaN,
    "level": 4,
    "subject": "metric geometry - length",
    "folder_id": "247",
    "image_path": [
        "/247/2197_rotate_90.jpg",
        "/247/2197.jpg"
    ]
}