{
    "id": 1434,
    "question": "Two vertices of a square lie on a semi-circle as shown, while the other two lie on its diameter. The radius of the circle is $1 \\mathrm{~cm}$. How big is the area of the square?\n<image1>",
    "options": "['$\\\\frac{4}{5} \\\\mathrm{~cm}^{2}$' '$\\\\frac{\\\\pi}{4} \\\\mathrm{~cm}^{2}$'\n '$1 \\\\mathrm{~cm}^{2}$' '$\\\\frac{4}{3} \\\\mathrm{~cm}^{2}$'\n '$\\\\frac{2}{\\\\sqrt{3}} \\\\mathrm{~cm}^{2}$']",
    "image": "images/1434.jpg",
    "answer": "A",
    "solution": NaN,
    "level": 4,
    "subject": "metric geometry - area",
    "folder_id": "154",
    "image_path": [
        "/154/1434_rotate_90.jpg",
        "/154/1434.jpg"
    ]
}