{
    "id": 1885,
    "question": "The diagram shows a square with sides of length $4 \\mathrm{~mm}$, a square with sides of length $5 \\mathrm{~mm}$, a triangle with area $8 \\mathrm{~mm}^{2}$, and a parallelogram. What is the area, in $\\mathrm{mm}^{2}$, of the parallelogram? <image1>",
    "options": "[]",
    "image": "images/1885.jpg",
    "answer": "16",
    "solution": "Note that $\\angle B A C+\\angle F A D=180^{\\circ}$ (because the angles at $A$ add up to $360^{\\circ}$ ). And $\\angle A D G+\\angle F A D=180^{\\circ}$ (two angles in parallelogram). Hence $\\angle A D G=\\angle B A C$. Thus triangles $D G A$ and $A B C$ are congruent (as they each have sides of lengths $4 \\mathrm{~mm}$ and $5 \\mathrm{~mm}$ which enclose equal angles). The area of triangle $A B C$ is $8 \\mathrm{~mm}^{2}$; so the area of the parallelogram is $2 \\times 8=16 \\mathrm{~mm}^{2}$.  ![](https://cdn.mathpix.com/cropped/2023_12_27_0f4ed2787981bb911326g-156.jpg?height=369&width=457&top_left_y=1049&top_left_x=1368)",
    "level": 4,
    "subject": "metric geometry - area",
    "folder_id": "214",
    "image_path": [
        "/214/1885_rotate_90.jpg",
        "/214/1885.jpg"
    ]
}