{
    "id": 313,
    "question": "An octahedron is inscribed into a die with side length 1. The vertices of the octahedron are the midpoints of the faces of the die. How big is the volume of the octahedron?\n<image1>",
    "options": "['$\\\\frac{1}{3}$' '$\\\\frac{1}{4}$' '$\\\\frac{1}{5}$' '$\\\\frac{1}{6}$'\n '$\\\\frac{1}{8}$']",
    "image": "images/313.jpg",
    "answer": "D",
    "solution": NaN,
    "level": 3,
    "subject": "solid geometry",
    "folder_id": "336",
    "image_path": [
        "/336/313_flip_vertically.jpg",
        "/336/313.jpg"
    ]
}