{
    "id": 1967,
    "question": "Some shapes are drawn on a piece of paper. The teacher folds the left-hand side of the paper over the central bold line. How many of the shapes on the left-hand side will fit exactly on top of a shape on the right-hand side? <image1>",
    "options": "[]",
    "image": "images/1967.jpg",
    "answer": "3",
    "solution": "A shape on the left-hand side will fit exactly over a shape on the right-hand side if it is a mirror image and the same distance away from the fold line. Therefore, the top three shapes will fit exactly, but the circles are not the same distance from the fold line and the lower triangles are not mirror images of each other.",
    "level": 4,
    "subject": "transformation geometry",
    "folder_id": "225",
    "image_path": [
        "/225/1967_rotate_90.jpg",
        "/225/1967.jpg"
    ]
}