{
    "id": 2187,
    "question": "A bug travels from $A$ to $B$ along the segments in the hexagonal lattice pictured below. The segments marked with an arrow can be traveled only in the direction of the arrow, and the bug never travels the same segment more than once. How many different paths are there?\n\n<image1>",
    "options": "[]",
    "image": "images/2187.jpg",
    "answer": "2400",
    "solution": NaN,
    "level": 4,
    "subject": "graph theory",
    "folder_id": "245",
    "image_path": [
        "/245/2187_rotate_90.jpg",
        "/245/2187.jpg"
    ]
}