{
    "id": 1400,
    "question": "In the diagram we see a cube and four marked angles. How big is the sum of those angles?\n<image1>",
    "options": "['$315^{\\\\circ}$' '$330^{\\\\circ}$' '$345^{\\\\circ}$' '$360^{\\\\circ}$'\n '$375^{\\\\circ}$']",
    "image": "images/1400.jpg",
    "answer": "B",
    "solution": NaN,
    "level": 2,
    "subject": "solid geometry",
    "folder_id": "457",
    "image_path": [
        "/457/1400_flip_vertically.jpg",
        "/457/1400.jpg"
    ]
}