{
    "id": 2827,
    "question": "A regular dodecahedron is a figure with $12$ identical pentagons for each of its faces. Let x be the number of ways to color the faces of the dodecahedron with $12$ different colors, where two colorings are identical if one can be rotated to obtain the other. Compute $\\frac{x}{12!}$.\\n<image1>",
    "options": "[]",
    "image": "images/2827.jpg",
    "answer": "$\\frac{1}{60}$",
    "solution": "First, we fix one color for the top of the figure. Then, there are 11 possible choices for the color of the face directly opposite the top. Since there are 10 remaining faces, we can color them a total of 10! possible ways. However, since the figure can be rotated about the vertical axis five times to obtain 5 different orientations, we must divide by 5 to prevent overcounting. Hence, the desired answer is\\n$$\\n\\frac{x}{12 !}=\\frac{11 * 10 ! / 5}{12 !}=\\frac{12 * 11 * 10 !}{12 * 5 * 12 !}=\\frac{1}{60}\\n$$",
    "level": 5,
    "subject": "combinatorics",
    "folder_id": "291",
    "image_path": [
        "/291/2827_rotate_90.jpg",
        "/291/2827.jpg"
    ]
}