{
    "id": 339,
    "question": "Zilda will use six equal cubes and two different rectangular blocks to form the structure beside with eight faces. Before gluing the pieces, she will paint each one entirely and calculated that she will need 18 liters of paint (the color does not matter). How many liters of paint would she use if she painted the whole structure only after gluing the parts?\n<image1>",
    "options": "[]",
    "image": "images/339.jpg",
    "answer": "11.5",
    "solution": NaN,
    "level": 3,
    "subject": "solid geometry",
    "folder_id": "27",
    "image_path": [
        "/27/339_rotate_90.jpg",
        "/27/339.jpg"
    ]
}