{
    "id": 1338,
    "question": "A triangle is folded along the dashed line as shown. The area of the triangle is 1.5 times the area of the resulting figure. We know that the total area of the grey parts is 1. Determine the area of the starting triangle.\n<image1>",
    "options": "[]",
    "image": "images/1338.jpg",
    "answer": "3",
    "solution": NaN,
    "level": 4,
    "subject": "transformation geometry",
    "folder_id": "138",
    "image_path": [
        "/138/1338_rotate_90.jpg",
        "/138/1338.jpg"
    ]
}