{
    "id": 2599,
    "question": "What is the ratio of the area of the shaded square to the area of the large square? (The figure is drawn to scale)\n\n<image1>",
    "options": "['$\\\\frac{1}{6}$' '$\\\\frac{1}{7}$' '$\\\\frac{1}{8}$' '$\\\\frac{1}{12}$'\n '$\\\\frac{1}{16}$']",
    "image": "images/2599.jpg",
    "answer": "C",
    "solution": NaN,
    "level": 3,
    "subject": "metric geometry - area",
    "folder_id": "271",
    "image_path": [
        "/271/2599_rotate_90.jpg",
        "/271/2599.jpg"
    ]
}