{
    "id": 19,
    "question": "Eve has taken 2 bananas to school. At first she changed each of them into 4 apples, later on she exchanged each apple into 3 mandarins. How many mandarins has Eve got? <image1>",
    "options": "['$2+4+3$' '$2 \\\\cdot 4+3$' '$2+4 \\\\cdot 3$' '$2 \\\\cdot 4 \\\\cdot 3$'\n '$2+4-3$']",
    "image": "images/19.jpg",
    "answer": "D",
    "solution": NaN,
    "level": 2,
    "subject": "arithmetic",
    "folder_id": "308",
    "image_path": [
        "/308/19_flip_vertically.jpg",
        "/308/19.jpg"
    ]
}