{
    "id": 2103,
    "question": "Each face of two noncongruent parallelepipeds is a rhombus whose diagonals have lengths $\\sqrt{21}$ and $\\sqrt{31}$. The ratio of the volume of the larger of the two polyhedra to the volume of the smaller is $\\fracmn$, where $m$ and $n$ are relatively prime positive integers. Find $m+n$. A parallelepiped is a solid with six parallelogram faces such as the one shown below.\n<image1>",
    "options": "[]",
    "image": "images/2103.jpg",
    "answer": "125",
    "solution": NaN,
    "level": 3,
    "subject": "solid geometry",
    "folder_id": "539",
    "image_path": [
        "/539/2103_flip_vertically.jpg",
        "/539/2103.jpg"
    ]
}