{
    "id": 1289,
    "question": "Ten matches are used to make this fish-shaped figure. The piece of string is placed on the shape as shown. The area of the whole shape is 24. What is the area of the shaded triangle?\n<image1>",
    "options": "[]",
    "image": "images/1289.jpg",
    "answer": "2",
    "solution": NaN,
    "level": 4,
    "subject": "metric geometry - area",
    "folder_id": "435",
    "image_path": [
        "/435/1289_flip_vertically.jpg",
        "/435/1289.jpg"
    ]
}