{
    "id": 626,
    "question": "Gaspar has these seven different pieces, formed by equal little squares.\n<image1>\nHe uses all these pieces to assemble rectangles with different perimeters, that is, with different shapes. How many different perimeters can he find?",
    "options": "[]",
    "image": "images/626.jpg",
    "answer": "3",
    "solution": NaN,
    "level": 2,
    "subject": "combinatorial geometry",
    "folder_id": "368",
    "image_path": [
        "/368/626_flip_vertically.jpg",
        "/368/626.jpg"
    ]
}