{
    "id": 685,
    "question": "Anna has four discs of different sizes. She wants to build a tower using 3 discs. A smaller disc always has to lie on top of a bigger disc. How many ways are there for Anna to build this tower?\n<image1>",
    "options": "[]",
    "image": "images/685.jpg",
    "answer": "4",
    "solution": NaN,
    "level": 3,
    "subject": "combinatorics",
    "folder_id": "373",
    "image_path": [
        "/373/685_flip_vertically.jpg",
        "/373/685.jpg"
    ]
}