{
    "id": 2861,
    "question": "Concave pentagon $ABCDE$ has a reflex angle at $D$, with $m\\angle EDC = 255^o$. We are also told that $BC = DE$, $m\\angle BCD = 45^o$, $CD = 13$, $AB + AE = 29$, and $m\\angle BAE = 60^o$. The area of $ABCDE$ can be expressed in simplest radical form as $a\\sqrt{b}$. Compute $a + b$.\\n<image1>",
    "options": "[]",
    "image": "images/2861.jpg",
    "answer": "59",
    "solution": "Observe the pentagon as it fits in the following figure. The area we are looking for is one-third of the difference in areas of the equilateral triangles, which is $\\frac{29^2 \\sqrt{3} / 4-13^2 \\sqrt{3} / 4}{3}=56 \\sqrt{3}$. The answer is $56+3=59$.",
    "level": 5,
    "subject": "metric geometry - area",
    "folder_id": "294",
    "image_path": [
        "/294/2861_rotate_90.jpg",
        "/294/2861.jpg"
    ]
}