{
    "id": 3036,
    "question": "The two externally tangent circles each have a radius of 1 unit. Each circle is tangent to three sides of the rectangle. What is the area of the shaded region? Express your answer in terms of $\\pi$.\n\n<image1>",
    "options": "[]",
    "image": "images/3036.jpg",
    "answer": "8-2\\pi",
    "solution": "Each diameter of a circle is 2 units. The rectangle is 2 diameters by 1 diameter, or 4 units by 2 units. Its area is thus 8 square units. Each circle has an area of $1^2\\pi=\\pi$ square units, so the two circles have a combined area of $2\\pi$ square units. The total shaded area is that of the rectangle minus that of the excluded circles, or $\\boxed{8-2\\pi}$ square units.",
    "level": 1,
    "subject": "metric geometry - area",
    "folder_id": "304",
    "image_path": [
        "/304/3036_rotate_90.jpg",
        "/304/3036.jpg"
    ]
}