{
    "id": 220,
    "question": "An equilateral triangle with side length 3 and a circle with radius 1 have the same centre. What is the perimeter of the figure that is created when the two are being put together?\n<image1>",
    "options": "['$6+\\\\pi$' '$3+2 \\\\pi$' '$9+\\\\frac{\\\\pi}{3}$' '$3 \\\\pi$' '$9+\\\\pi$']",
    "image": "images/220.jpg",
    "answer": "A",
    "solution": NaN,
    "level": 5,
    "subject": "metric geometry - length",
    "folder_id": "16",
    "image_path": [
        "/16/220_rotate_90.jpg",
        "/16/220.jpg"
    ]
}