{
    "id": 1588,
    "question": "The diagram (which $\\underline{\\text { is }}$ drawn to scale) shows two triangles. In how many ways can you choose two vertices, one in each triangle, so that the straight line through the two vertices does not cross either triangle? <image1>",
    "options": "[]",
    "image": "images/1588.jpg",
    "answer": "4",
    "solution": "Consider each vertex of the left-hand triangle in turn.  From vertex $P$, no line can be drawn.  From vertex $Q$, a line can be drawn to vertex $X$ and vertex $Y$.  From vertex $R$, a line can be drawn to vertex $X$ and vertex $Z$.  ![](https://cdn.mathpix.com/cropped/2023_12_27_0f4ed2787981bb911326g-146.jpg?height=214&width=414&top_left_y=944&top_left_x=1455)  Therefore, the two vertices can be chosen in only four ways.",
    "level": 2,
    "subject": "combinatorics",
    "folder_id": "480",
    "image_path": [
        "/480/1588_flip_vertically.jpg",
        "/480/1588.jpg"
    ]
}