{
    "id": 195,
    "question": "A die is in the position shown in the picture. It can be rolled along the path of 12 squares as shown. How many times must the die go around the path in order for it to return to its initial position with all faces in the initial positions?\n<image1>",
    "options": "[]",
    "image": "images/195.jpg",
    "answer": "3",
    "solution": NaN,
    "level": 3,
    "subject": "solid geometry",
    "folder_id": "325",
    "image_path": [
        "/325/195_flip_vertically.jpg",
        "/325/195.jpg"
    ]
}