{
    "id": 2881,
    "question": "Each unit square of a $4 \\times 4$ square grid is colored either red, green, or blue. Over all possible colorings of the grid, what is the maximum possible number of L-trominos that contain exactly one square of each color? (L-trominos are made up of three unit squares sharing a corner, as shown below.)\\n<image1>",
    "options": "[]",
    "image": "images/2881.jpg",
    "answer": "18",
    "solution": "We claim that the answer is $\\boxed{18}$. Observe that for any $2 \\times 2$ grid, there can be a maximum of $2$ L-trominos with one square of each color. There are $9$ total $2 \\times 2$ grids in the $4 \\times 4$ grid, so the maximum possible answer is $2 \\cdot 9 = 18$.\\n\\nFor a construction simply take ABAB / CCCC / ABAB / CCCC.",
    "level": 5,
    "subject": "combinatorics",
    "folder_id": "297",
    "image_path": [
        "/297/2881_rotate_90.jpg",
        "/297/2881.jpg"
    ]
}