{
    "id": 1246,
    "question": "Anna has five circular discs that are all of different sizes. She wants to build a tower using three discs where a smaller disc always has to lie on top of a bigger disc. How many ways are there for Anna to build the tower? <image1>",
    "options": "[]",
    "image": "images/1246.jpg",
    "answer": "10",
    "solution": NaN,
    "level": 2,
    "subject": "combinatorics",
    "folder_id": "429",
    "image_path": [
        "/429/1246_flip_vertically.jpg",
        "/429/1246.jpg"
    ]
}