{
    "id": 1038,
    "question": "In the picture there is a square tile with two fourths of a circle. The radius of every fourth is half the side of the tile and its length equals $5 \\mathrm{dm}$. We form a large square from 16 such tiles and try to get the longest unbroken curve consisting of the fourths. How long can this continuous curve be at most?\n<image1>",
    "options": "['$75 \\\\mathrm{dm}$' '$100 \\\\mathrm{dm}$' '$105 \\\\mathrm{dm}$'\n '$110 \\\\mathrm{dm}$' '$80 \\\\mathrm{dm}$']",
    "image": "images/1038.jpg",
    "answer": "D",
    "solution": NaN,
    "level": 4,
    "subject": "combinatorial geometry",
    "folder_id": "403",
    "image_path": [
        "/403/1038_flip_vertically.jpg",
        "/403/1038.jpg"
    ]
}