{
    "pid": 1747,
    "question": "Subtract all blue objects. Subtract all small gray matte cubes. How many objects are left?",
    "image": "images/1747.jpg",
    "choices": NaN,
    "unit": NaN,
    "precision": NaN,
    "question_type": "free_form",
    "answer_type": "integer",
    "metadata": "{'category': 'math-targeted-vqa', 'context': 'synthetic scene', 'grade': 'elementary school', 'img_height': 240, 'img_width': 320, 'language': 'english', 'skills': array(['arithmetic reasoning'], dtype=object), 'source': 'CLEVR-Math', 'split': 'test', 'task': 'math word problem'}",
    "query": "Hint: Please answer the question requiring an integer answer and provide the final value, e.g., 1, 2, 3, at the end.\nQuestion: Subtract all blue objects. Subtract all small gray matte cubes. How many objects are left?",
    "answer": "2",
    "folder_id": "29",
    "image_path": [
        "/29/1747_rotate_90.jpg",
        "/29/1747.jpg"
    ]
}